{
	"lodTreeExport" : 
	{
		"name" : "Tile_-11119_41637_0000",
		"status" : 
		{
			"lodCount" : 5,
			"tilesCount" : 6
		},
		"tileInfo" : 
		{
			"boundingBox" : 
			{
				"max" : 
				{
					"x" : 41.824736110581853,
					"y" : -280.16491794129462,
					"z" : 23.993894032077218
				},
				"min" : 
				{
					"x" : -51.401362400395229,
					"y" : -381.09228967683879,
					"z" : -0.011521774773543306
				}
			},
			"children" : 
			[
				{
					"tileInfo" : 
					{
						"boundingBox" : 
						{
							"max" : 
							{
								"x" : 41.824736110581853,
								"y" : -280.16491794129462,
								"z" : 23.993894032077218
							},
							"min" : 
							{
								"x" : -51.401362400395229,
								"y" : -381.09228967683879,
								"z" : -0.011521774773543306
							}
						},
						"children" : 
						[
							{
								"tileInfo" : 
								{
									"boundingBox" : 
									{
										"max" : 
										{
											"x" : 41.824736110581853,
											"y" : -280.16491794129462,
											"z" : 23.993894032077218
										},
										"min" : 
										{
											"x" : -51.401362400395229,
											"y" : -381.09228967683879,
											"z" : -0.011521774773543306
										}
									},
									"children" : 
									[
										{
											"tileInfo" : 
											{
												"boundingBox" : 
												{
													"max" : 
													{
														"x" : 41.824736110581853,
														"y" : -280.16491794129462,
														"z" : 23.993894032077218
													},
													"min" : 
													{
														"x" : -51.401386337581982,
														"y" : -381.09367733931776,
														"z" : -0.011521774773543306
													}
												},
												"children" : 
												[
													{
														"tileInfo" : 
														{
															"boundingBox" : 
															{
																"max" : 
																{
																	"x" : 41.824736110581853,
																	"y" : -280.16491794129462,
																	"z" : 23.993894032077218
																},
																"min" : 
																{
																	"x" : -51.401362400395229,
																	"y" : -381.09228967683879,
																	"z" : -0.011521774773543306
																}
															},
															"lodNum" : 4,
															"modelPath" : "Tile_-11119_41637_0000_-0001_0000.s3mb",
															"rangeMode" : "pixelSizeOnScreen",
															"rangeValue" : 628.7662353515625
														}
													},
													{
														"tileInfo" : 
														{
															"boundingBox" : 
															{
																"max" : 
																{
																	"x" : 41.824736110581853,
																	"y" : -280.16491794129462,
																	"z" : 23.993894032077218
																},
																"min" : 
																{
																	"x" : -51.401386337581982,
																	"y" : -381.09367733931776,
																	"z" : 23.988478167251859
																}
															},
															"lodNum" : 4,
															"modelPath" : "Tile_-11119_41637_0000_-0001_0001.s3mb",
															"rangeMode" : "pixelSizeOnScreen",
															"rangeValue" : 616.5604248046875
														}
													}
												],
												"lodNum" : 3,
												"modelPath" : "Tile_-11119_41637_0000_0000_0000.s3mb",
												"rangeMode" : "pixelSizeOnScreen",
												"rangeValue" : 335.33450317382813
											}
										}
									],
									"lodNum" : 2,
									"modelPath" : "Tile_-11119_41637_0000_0001_0000.s3mb",
									"rangeMode" : "pixelSizeOnScreen",
									"rangeValue" : 167.66725158691406
								}
							}
						],
						"lodNum" : 1,
						"modelPath" : "Tile_-11119_41637_0000_0002_0000.s3mb",
						"rangeMode" : "pixelSizeOnScreen",
						"rangeValue" : 83.833625793457031
					}
				}
			],
			"lodNum" : 0,
			"modelPath" : "Tile_-11119_41637_0000.s3mb",
			"rangeMode" : "pixelSizeOnScreen",
			"rangeValue" : 0.0
		}
	}
}