{
	"lodTreeExport" : 
	{
		"name" : "Tile_-0006_-0006_0000",
		"status" : 
		{
			"lodCount" : 4,
			"tilesCount" : 4
		},
		"tileInfo" : 
		{
			"boundingBox" : 
			{
				"max" : 
				{
					"x" : -3327960.8816144755,
					"y" : 5233705.4009008165,
					"z" : -7756702.400533854
				},
				"min" : 
				{
					"x" : -3328658.3575136219,
					"y" : 5233355.3105896581,
					"z" : -7757256.6977302581
				}
			},
			"children" : 
			[
				{
					"tileInfo" : 
					{
						"boundingBox" : 
						{
							"max" : 
							{
								"x" : -3327960.8816144755,
								"y" : 5233705.4009008165,
								"z" : -7756702.400533854
							},
							"min" : 
							{
								"x" : -3328658.3575136219,
								"y" : 5233355.3105896581,
								"z" : -7757256.6977302581
							}
						},
						"children" : 
						[
							{
								"tileInfo" : 
								{
									"boundingBox" : 
									{
										"max" : 
										{
											"x" : -3327960.8816144755,
											"y" : 5233705.4009008165,
											"z" : -7756702.400533854
										},
										"min" : 
										{
											"x" : -3328658.3575136219,
											"y" : 5233355.3105896581,
											"z" : -7757256.6977302581
										}
									},
									"children" : 
									[
										{
											"tileInfo" : 
											{
												"boundingBox" : 
												{
													"max" : 
													{
														"x" : -3327960.8816144755,
														"y" : 5233705.4009008165,
														"z" : -7756702.400533854
													},
													"min" : 
													{
														"x" : -3328658.3575136219,
														"y" : 5233355.3105896581,
														"z" : -7757256.6977302581
													}
												},
												"lodNum" : 3,
												"modelPath" : "Tile_-0006_-0006_0000_0000_0000.s3mb",
												"rangeMode" : "pixelSizeOnScreen",
												"rangeValue" : 1024.0
											}
										}
									],
									"lodNum" : 2,
									"modelPath" : "Tile_-0006_-0006_0000_0001_0000.s3mb",
									"rangeMode" : "pixelSizeOnScreen",
									"rangeValue" : 1024.0
								}
							}
						],
						"lodNum" : 1,
						"modelPath" : "Tile_-0006_-0006_0000_0002_0000.s3mb",
						"rangeMode" : "pixelSizeOnScreen",
						"rangeValue" : 566.2144775390625
					}
				}
			],
			"lodNum" : 0,
			"modelPath" : "Tile_-0006_-0006_0000.s3mb",
			"rangeMode" : "pixelSizeOnScreen",
			"rangeValue" : 0.0
		}
	}
}