{
	"lodTreeExport" : 
	{
		"name" : "Tile_-22238_83271_0000",
		"status" : 
		{
			"lodCount" : 5,
			"tilesCount" : 11
		},
		"tileInfo" : 
		{
			"boundingBox" : 
			{
				"max" : 
				{
					"x" : 68.204032999634137,
					"y" : 64.361089899079758,
					"z" : 20.000168238617533
				},
				"min" : 
				{
					"x" : -68.204434562761236,
					"y" : -64.360563595760198,
					"z" : -0.00064911804975702507
				}
			},
			"children" : 
			[
				{
					"tileInfo" : 
					{
						"boundingBox" : 
						{
							"max" : 
							{
								"x" : 43.043605150486442,
								"y" : -3.8081383644675455,
								"z" : 20.000168238617533
							},
							"min" : 
							{
								"x" : -68.204434562761236,
								"y" : -64.360563595760198,
								"z" : -0.00064911804975702507
							}
						},
						"children" : 
						[
							{
								"tileInfo" : 
								{
									"boundingBox" : 
									{
										"max" : 
										{
											"x" : 43.043605150486442,
											"y" : -3.8081383644675455,
											"z" : 20.000168238617533
										},
										"min" : 
										{
											"x" : -68.204434562761236,
											"y" : -64.360563595760198,
											"z" : -0.00064911804975702507
										}
									},
									"children" : 
									[
										{
											"tileInfo" : 
											{
												"boundingBox" : 
												{
													"max" : 
													{
														"x" : 43.043605150486442,
														"y" : -3.8081383644675455,
														"z" : 20.000168238617533
													},
													"min" : 
													{
														"x" : -68.204473977150371,
														"y" : -64.360670916216364,
														"z" : -0.00064911804975702507
													}
												},
												"children" : 
												[
													{
														"tileInfo" : 
														{
															"boundingBox" : 
															{
																"max" : 
																{
																	"x" : 43.043605150486442,
																	"y" : -3.8081383644675455,
																	"z" : 20.000168238617533
																},
																"min" : 
																{
																	"x" : -68.204473977150371,
																	"y" : -64.360670916216364,
																	"z" : 19.999351322750222
																}
															},
															"lodNum" : 4,
															"modelPath" : "Tile_-22238_83271_0000_-0001_0000.s3mb",
															"rangeMode" : "pixelSizeOnScreen",
															"rangeValue" : 506.64028930664063
														}
													},
													{
														"tileInfo" : 
														{
															"boundingBox" : 
															{
																"max" : 
																{
																	"x" : 43.043605150486442,
																	"y" : -3.8081383644675455,
																	"z" : 20.000168238617533
																},
																"min" : 
																{
																	"x" : -68.204434562761236,
																	"y" : -64.360563595760198,
																	"z" : -0.00064911804975702507
																}
															},
															"lodNum" : 4,
															"modelPath" : "Tile_-22238_83271_0000_-0001_0001.s3mb",
															"rangeMode" : "pixelSizeOnScreen",
															"rangeValue" : 512.918212890625
														}
													}
												],
												"lodNum" : 3,
												"modelPath" : "Tile_-22238_83271_0000_0000_0000.s3mb",
												"rangeMode" : "pixelSizeOnScreen",
												"rangeValue" : 274.88955688476563
											}
										}
									],
									"lodNum" : 2,
									"modelPath" : "Tile_-22238_83271_0000_0001_0000.s3mb",
									"rangeMode" : "pixelSizeOnScreen",
									"rangeValue" : 137.44496154785156
								}
							}
						],
						"lodNum" : 1,
						"modelPath" : "Tile_-22238_83271_0000_0002_0000.s3mb",
						"rangeMode" : "pixelSizeOnScreen",
						"rangeValue" : 68.722404479980469
					}
				},
				{
					"tileInfo" : 
					{
						"boundingBox" : 
						{
							"max" : 
							{
								"x" : 68.204032999634137,
								"y" : 64.361089899079758,
								"z" : 19.999469197481009
							},
							"min" : 
							{
								"x" : 5.9256086318168393,
								"y" : -3.7527823863067482,
								"z" : 2.4065135679873486e-05
							}
						},
						"children" : 
						[
							{
								"tileInfo" : 
								{
									"boundingBox" : 
									{
										"max" : 
										{
											"x" : 68.204032999634137,
											"y" : 64.361089899079758,
											"z" : 19.999469197481009
										},
										"min" : 
										{
											"x" : 5.9256086318168393,
											"y" : -3.7527823863067482,
											"z" : 2.4065135679873486e-05
										}
									},
									"children" : 
									[
										{
											"tileInfo" : 
											{
												"boundingBox" : 
												{
													"max" : 
													{
														"x" : 68.204032999634137,
														"y" : 64.361089899079758,
														"z" : 20.000024152158922
													},
													"min" : 
													{
														"x" : 5.9256086318168393,
														"y" : -3.7527823863067482,
														"z" : 2.4065135679873486e-05
													}
												},
												"children" : 
												[
													{
														"tileInfo" : 
														{
															"boundingBox" : 
															{
																"max" : 
																{
																	"x" : 68.204032999634137,
																	"y" : 64.361089899079758,
																	"z" : 20.000024152158922
																},
																"min" : 
																{
																	"x" : 5.9257247557472219,
																	"y" : -3.7526869690049978,
																	"z" : 19.999469197481009
																}
															},
															"lodNum" : 4,
															"modelPath" : "Tile_-22238_83271_0000_-0001_0002.s3mb",
															"rangeMode" : "pixelSizeOnScreen",
															"rangeValue" : 369.17434692382813
														}
													},
													{
														"tileInfo" : 
														{
															"boundingBox" : 
															{
																"max" : 
																{
																	"x" : 68.204032999634137,
																	"y" : 64.361089899079758,
																	"z" : 19.999469197481009
																},
																"min" : 
																{
																	"x" : 5.9256086318168393,
																	"y" : -3.7527823863067482,
																	"z" : 2.4065135679873486e-05
																}
															},
															"lodNum" : 4,
															"modelPath" : "Tile_-22238_83271_0000_-0001_0003.s3mb",
															"rangeMode" : "pixelSizeOnScreen",
															"rangeValue" : 377.74380493164063
														}
													}
												],
												"lodNum" : 3,
												"modelPath" : "Tile_-22238_83271_0000_0000_0001.s3mb",
												"rangeMode" : "pixelSizeOnScreen",
												"rangeValue" : 206.72941589355469
											}
										}
									],
									"lodNum" : 2,
									"modelPath" : "Tile_-22238_83271_0000_0001_0001.s3mb",
									"rangeMode" : "pixelSizeOnScreen",
									"rangeValue" : 103.36478424072266
								}
							}
						],
						"lodNum" : 1,
						"modelPath" : "Tile_-22238_83271_0000_0002_0001.s3mb",
						"rangeMode" : "pixelSizeOnScreen",
						"rangeValue" : 51.682384490966797
					}
				}
			],
			"lodNum" : 0,
			"modelPath" : "Tile_-22238_83271_0000.s3mb",
			"rangeMode" : "pixelSizeOnScreen",
			"rangeValue" : 0.0
		}
	}
}