{
	"lodTreeExport" : 
	{
		"name" : "Tile_-11121_41637_0000",
		"status" : 
		{
			"lodCount" : 4,
			"tilesCount" : 4
		},
		"tileInfo" : 
		{
			"boundingBox" : 
			{
				"max" : 
				{
					"x" : 437.48807935842342,
					"y" : 459.69540940439714,
					"z" : 14.97335783377614
				},
				"min" : 
				{
					"x" : 250.81374750435509,
					"y" : 392.46395750406123,
					"z" : -0.02604713569752503
				}
			},
			"children" : 
			[
				{
					"tileInfo" : 
					{
						"boundingBox" : 
						{
							"max" : 
							{
								"x" : 437.48807935842342,
								"y" : 459.69540940439714,
								"z" : 14.97335783377614
							},
							"min" : 
							{
								"x" : 250.81374750435509,
								"y" : 392.46395750406123,
								"z" : -0.02604713569752503
							}
						},
						"children" : 
						[
							{
								"tileInfo" : 
								{
									"boundingBox" : 
									{
										"max" : 
										{
											"x" : 437.48807935842342,
											"y" : 459.69540940439714,
											"z" : 14.97335783377614
										},
										"min" : 
										{
											"x" : 250.81374750435509,
											"y" : 392.46395750406123,
											"z" : -0.02604713569752503
										}
									},
									"children" : 
									[
										{
											"tileInfo" : 
											{
												"boundingBox" : 
												{
													"max" : 
													{
														"x" : 437.48807935842342,
														"y" : 459.69540940439714,
														"z" : 14.97335783377614
													},
													"min" : 
													{
														"x" : 250.81374750435509,
														"y" : 392.46395750406123,
														"z" : -0.02604713569752503
													}
												},
												"lodNum" : 3,
												"modelPath" : "Tile_-11121_41637_0000_0000_0000.s3mb",
												"rangeMode" : "pixelSizeOnScreen",
												"rangeValue" : 404.08428955078125
											}
										}
									],
									"lodNum" : 2,
									"modelPath" : "Tile_-11121_41637_0000_0001_0000.s3mb",
									"rangeMode" : "pixelSizeOnScreen",
									"rangeValue" : 202.04214477539063
								}
							}
						],
						"lodNum" : 1,
						"modelPath" : "Tile_-11121_41637_0000_0002_0000.s3mb",
						"rangeMode" : "pixelSizeOnScreen",
						"rangeValue" : 101.02107238769531
					}
				}
			],
			"lodNum" : 0,
			"modelPath" : "Tile_-11121_41637_0000.s3mb",
			"rangeMode" : "pixelSizeOnScreen",
			"rangeValue" : 0.0
		}
	}
}