{
	"lodTreeExport" : 
	{
		"name" : "Tile_-11118_41635_0000",
		"status" : 
		{
			"lodCount" : 5,
			"tilesCount" : 6
		},
		"tileInfo" : 
		{
			"boundingBox" : 
			{
				"max" : 
				{
					"x" : -225.39919619684088,
					"y" : -313.21549891166467,
					"z" : 14.988620734406984
				},
				"min" : 
				{
					"x" : -322.18081672016331,
					"y" : -418.73046193851343,
					"z" : -0.021820844366442011
				}
			},
			"children" : 
			[
				{
					"tileInfo" : 
					{
						"boundingBox" : 
						{
							"max" : 
							{
								"x" : -225.39919619684088,
								"y" : -313.21549891166467,
								"z" : 14.988620734406984
							},
							"min" : 
							{
								"x" : -322.18081672016331,
								"y" : -418.73046193851343,
								"z" : -0.021820844366442011
							}
						},
						"children" : 
						[
							{
								"tileInfo" : 
								{
									"boundingBox" : 
									{
										"max" : 
										{
											"x" : -225.39919619684088,
											"y" : -313.21549891166467,
											"z" : 14.988620734406984
										},
										"min" : 
										{
											"x" : -322.18081672016331,
											"y" : -418.73046193851343,
											"z" : -0.021820844366442011
										}
									},
									"children" : 
									[
										{
											"tileInfo" : 
											{
												"boundingBox" : 
												{
													"max" : 
													{
														"x" : -225.39919619684088,
														"y" : -313.21549891166467,
														"z" : 14.988620734406984
													},
													"min" : 
													{
														"x" : -322.18146005772974,
														"y" : -418.73132618245012,
														"z" : -0.021820844366442011
													}
												},
												"children" : 
												[
													{
														"tileInfo" : 
														{
															"boundingBox" : 
															{
																"max" : 
																{
																	"x" : -225.39919619684088,
																	"y" : -313.21549891166467,
																	"z" : 14.988620734406984
																},
																"min" : 
																{
																	"x" : -322.18081672016331,
																	"y" : -418.73046193851343,
																	"z" : -0.021820844366442011
																}
															},
															"lodNum" : 4,
															"modelPath" : "Tile_-11118_41635_0000_-0001_0000.s3mb",
															"rangeMode" : "pixelSizeOnScreen",
															"rangeValue" : 575.8760986328125
														}
													},
													{
														"tileInfo" : 
														{
															"boundingBox" : 
															{
																"max" : 
																{
																	"x" : -225.39919619684088,
																	"y" : -313.21549891166467,
																	"z" : 14.988620734406984
																},
																"min" : 
																{
																	"x" : -322.18146005772974,
																	"y" : -418.73132618245012,
																	"z" : 14.97817867971335
																}
															},
															"lodNum" : 4,
															"modelPath" : "Tile_-11118_41635_0000_-0001_0001.s3mb",
															"rangeMode" : "pixelSizeOnScreen",
															"rangeValue" : 572.73291015625
														}
													}
												],
												"lodNum" : 3,
												"modelPath" : "Tile_-11118_41635_0000_0000_0000.s3mb",
												"rangeMode" : "pixelSizeOnScreen",
												"rangeValue" : 302.148681640625
											}
										}
									],
									"lodNum" : 2,
									"modelPath" : "Tile_-11118_41635_0000_0001_0000.s3mb",
									"rangeMode" : "pixelSizeOnScreen",
									"rangeValue" : 151.07447814941406
								}
							}
						],
						"lodNum" : 1,
						"modelPath" : "Tile_-11118_41635_0000_0002_0000.s3mb",
						"rangeMode" : "pixelSizeOnScreen",
						"rangeValue" : 75.537162780761719
					}
				}
			],
			"lodNum" : 0,
			"modelPath" : "Tile_-11118_41635_0000.s3mb",
			"rangeMode" : "pixelSizeOnScreen",
			"rangeValue" : 0.0
		}
	}
}