{
	"lodTreeExport" : 
	{
		"name" : "Tile_-11120_41635_0000",
		"status" : 
		{
			"lodCount" : 5,
			"tilesCount" : 11
		},
		"tileInfo" : 
		{
			"boundingBox" : 
			{
				"max" : 
				{
					"x" : -437.06538303504107,
					"y" : -69.241130832334804,
					"z" : 23.984619150734478
				},
				"min" : 
				{
					"x" : -486.52414591768337,
					"y" : -167.3629581378471,
					"z" : -0.019921443952951381
				}
			},
			"children" : 
			[
				{
					"tileInfo" : 
					{
						"boundingBox" : 
						{
							"max" : 
							{
								"x" : -437.06538303504107,
								"y" : -69.241130832334804,
								"z" : 23.984619150734478
							},
							"min" : 
							{
								"x" : -486.52414591768337,
								"y" : -117.99611891361673,
								"z" : -0.019148769027649067
							}
						},
						"children" : 
						[
							{
								"tileInfo" : 
								{
									"boundingBox" : 
									{
										"max" : 
										{
											"x" : -437.06538303504107,
											"y" : -69.241130832334804,
											"z" : 23.984619150734478
										},
										"min" : 
										{
											"x" : -486.52414591768337,
											"y" : -117.99611891361673,
											"z" : -0.019148769027649067
										}
									},
									"children" : 
									[
										{
											"tileInfo" : 
											{
												"boundingBox" : 
												{
													"max" : 
													{
														"x" : -437.06538303504107,
														"y" : -69.241130832334804,
														"z" : 23.984619150734478
													},
													"min" : 
													{
														"x" : -486.52588332763833,
														"y" : -117.996515449467,
														"z" : -0.019148769027649067
													}
												},
												"children" : 
												[
													{
														"tileInfo" : 
														{
															"boundingBox" : 
															{
																"max" : 
																{
																	"x" : -437.06538303504107,
																	"y" : -69.241130832334804,
																	"z" : 23.984619150734478
																},
																"min" : 
																{
																	"x" : -486.52414591768337,
																	"y" : -117.99611891361673,
																	"z" : -0.019148769027649067
																}
															},
															"lodNum" : 4,
															"modelPath" : "Tile_-11120_41635_0000_-0001_0000.s3mb",
															"rangeMode" : "pixelSizeOnScreen",
															"rangeValue" : 331.49771118164063
														}
													},
													{
														"tileInfo" : 
														{
															"boundingBox" : 
															{
																"max" : 
																{
																	"x" : -437.06538303504107,
																	"y" : -69.241130832334804,
																	"z" : 23.984619150734478
																},
																"min" : 
																{
																	"x" : -486.52588332763833,
																	"y" : -117.996515449467,
																	"z" : 23.980850881765029
																}
															},
															"lodNum" : 4,
															"modelPath" : "Tile_-11120_41635_0000_-0001_0001.s3mb",
															"rangeMode" : "pixelSizeOnScreen",
															"rangeValue" : 310.03338623046875
														}
													}
												],
												"lodNum" : 3,
												"modelPath" : "Tile_-11120_41635_0000_0000_0000.s3mb",
												"rangeMode" : "pixelSizeOnScreen",
												"rangeValue" : 184.38311767578125
											}
										}
									],
									"lodNum" : 2,
									"modelPath" : "Tile_-11120_41635_0000_0001_0000.s3mb",
									"rangeMode" : "pixelSizeOnScreen",
									"rangeValue" : 92.191558837890625
								}
							}
						],
						"lodNum" : 1,
						"modelPath" : "Tile_-11120_41635_0000_0002_0000.s3mb",
						"rangeMode" : "pixelSizeOnScreen",
						"rangeValue" : 46.095779418945313
					}
				},
				{
					"tileInfo" : 
					{
						"boundingBox" : 
						{
							"max" : 
							{
								"x" : -443.05795469120221,
								"y" : -124.62758718863284,
								"z" : 23.983413289979033
							},
							"min" : 
							{
								"x" : -475.74180742735848,
								"y" : -167.3629581378471,
								"z" : -0.019921443952951381
							}
						},
						"children" : 
						[
							{
								"tileInfo" : 
								{
									"boundingBox" : 
									{
										"max" : 
										{
											"x" : -443.05795469120221,
											"y" : -124.62758718863284,
											"z" : 23.983413289979033
										},
										"min" : 
										{
											"x" : -475.74180742735848,
											"y" : -167.3629581378471,
											"z" : -0.019921443952951381
										}
									},
									"children" : 
									[
										{
											"tileInfo" : 
											{
												"boundingBox" : 
												{
													"max" : 
													{
														"x" : -443.05795469120221,
														"y" : -124.62758718863284,
														"z" : 23.983413289979033
													},
													"min" : 
													{
														"x" : -475.74353458422047,
														"y" : -167.36350976491744,
														"z" : -0.019921443952951381
													}
												},
												"children" : 
												[
													{
														"tileInfo" : 
														{
															"boundingBox" : 
															{
																"max" : 
																{
																	"x" : -443.05795469120221,
																	"y" : -124.62758718863284,
																	"z" : 23.983413289979033
																},
																"min" : 
																{
																	"x" : -475.74180742735848,
																	"y" : -167.3629581378471,
																	"z" : -0.019921443952951381
																}
															},
															"lodNum" : 4,
															"modelPath" : "Tile_-11120_41635_0000_-0001_0002.s3mb",
															"rangeMode" : "pixelSizeOnScreen",
															"rangeValue" : 235.67057800292969
														}
													},
													{
														"tileInfo" : 
														{
															"boundingBox" : 
															{
																"max" : 
																{
																	"x" : -443.05795469120221,
																	"y" : -124.62758718863284,
																	"z" : 23.983413289979033
																},
																"min" : 
																{
																	"x" : -475.74353458422047,
																	"y" : -167.36350976491744,
																	"z" : 23.980078814374505
																}
															},
															"lodNum" : 4,
															"modelPath" : "Tile_-11120_41635_0000_-0001_0003.s3mb",
															"rangeMode" : "pixelSizeOnScreen",
															"rangeValue" : 215.21829223632813
														}
													}
												],
												"lodNum" : 3,
												"modelPath" : "Tile_-11120_41635_0000_0000_0001.s3mb",
												"rangeMode" : "pixelSizeOnScreen",
												"rangeValue" : 136.72012329101563
											}
										}
									],
									"lodNum" : 2,
									"modelPath" : "Tile_-11120_41635_0000_0001_0001.s3mb",
									"rangeMode" : "pixelSizeOnScreen",
									"rangeValue" : 68.360481262207031
								}
							}
						],
						"lodNum" : 1,
						"modelPath" : "Tile_-11120_41635_0000_0002_0001.s3mb",
						"rangeMode" : "pixelSizeOnScreen",
						"rangeValue" : 34.180316925048828
					}
				}
			],
			"lodNum" : 0,
			"modelPath" : "Tile_-11120_41635_0000.s3mb",
			"rangeMode" : "pixelSizeOnScreen",
			"rangeValue" : 0.0
		}
	}
}