{
	"lodTreeExport" : 
	{
		"name" : "Tile_-22237_83272_0000",
		"status" : 
		{
			"lodCount" : 4,
			"tilesCount" : 4
		},
		"tileInfo" : 
		{
			"boundingBox" : 
			{
				"max" : 
				{
					"x" : 69.490971786757953,
					"y" : 91.040054641735395,
					"z" : 19.999870300317113
				},
				"min" : 
				{
					"x" : -69.490977065817262,
					"y" : -91.039596237137957,
					"z" : -0.00083271346606526115
				}
			},
			"children" : 
			[
				{
					"tileInfo" : 
					{
						"boundingBox" : 
						{
							"max" : 
							{
								"x" : 69.490971786757953,
								"y" : 91.040054641735395,
								"z" : 19.999870300317113
							},
							"min" : 
							{
								"x" : -69.490977065817262,
								"y" : -91.039596237137957,
								"z" : -0.00083271346606526115
							}
						},
						"children" : 
						[
							{
								"tileInfo" : 
								{
									"boundingBox" : 
									{
										"max" : 
										{
											"x" : 69.490971786757953,
											"y" : 91.040054641735395,
											"z" : 19.999870300317113
										},
										"min" : 
										{
											"x" : -69.490977065817262,
											"y" : -91.039596237137957,
											"z" : -0.00083271346606526115
										}
									},
									"children" : 
									[
										{
											"tileInfo" : 
											{
												"boundingBox" : 
												{
													"max" : 
													{
														"x" : 69.490971786757953,
														"y" : 91.040054641735395,
														"z" : 19.999870300317113
													},
													"min" : 
													{
														"x" : -69.490977065817262,
														"y" : -91.039596237137957,
														"z" : -0.00083271346606526115
													}
												},
												"lodNum" : 3,
												"modelPath" : "Tile_-22237_83272_0000_0000_0000.s3mb",
												"rangeMode" : "pixelSizeOnScreen",
												"rangeValue" : 459.86618041992188
											}
										}
									],
									"lodNum" : 2,
									"modelPath" : "Tile_-22237_83272_0000_0001_0000.s3mb",
									"rangeMode" : "pixelSizeOnScreen",
									"rangeValue" : 229.93309020996094
								}
							}
						],
						"lodNum" : 1,
						"modelPath" : "Tile_-22237_83272_0000_0002_0000.s3mb",
						"rangeMode" : "pixelSizeOnScreen",
						"rangeValue" : 114.96654510498047
					}
				}
			],
			"lodNum" : 0,
			"modelPath" : "Tile_-22237_83272_0000.s3mb",
			"rangeMode" : "pixelSizeOnScreen",
			"rangeValue" : 0.0
		}
	}
}