{
	"lodTreeExport" : 
	{
		"name" : "Tile_-11119_41634_0000",
		"status" : 
		{
			"lodCount" : 4,
			"tilesCount" : 4
		},
		"tileInfo" : 
		{
			"boundingBox" : 
			{
				"max" : 
				{
					"x" : -303.92119435245877,
					"y" : -73.981755244116044,
					"z" : 14.992504840501093
				},
				"min" : 
				{
					"x" : -451.35673379904853,
					"y" : -193.02493072578812,
					"z" : -0.016750748730767609
				}
			},
			"children" : 
			[
				{
					"tileInfo" : 
					{
						"boundingBox" : 
						{
							"max" : 
							{
								"x" : -303.92119435245877,
								"y" : -73.981755244116044,
								"z" : 14.992504840501093
							},
							"min" : 
							{
								"x" : -451.35673379904853,
								"y" : -193.02493072578812,
								"z" : -0.016750748730767609
							}
						},
						"children" : 
						[
							{
								"tileInfo" : 
								{
									"boundingBox" : 
									{
										"max" : 
										{
											"x" : -303.92119435245877,
											"y" : -73.981755244116044,
											"z" : 14.992504840501093
										},
										"min" : 
										{
											"x" : -451.35673379904853,
											"y" : -193.02493072578812,
											"z" : -0.016750748730767609
										}
									},
									"children" : 
									[
										{
											"tileInfo" : 
											{
												"boundingBox" : 
												{
													"max" : 
													{
														"x" : -303.92119435245877,
														"y" : -73.981755244116044,
														"z" : 14.992504840501093
													},
													"min" : 
													{
														"x" : -451.35673379904853,
														"y" : -193.02493072578812,
														"z" : -0.016750748730767609
													}
												},
												"lodNum" : 3,
												"modelPath" : "Tile_-11119_41634_0000_0000_0000.s3mb",
												"rangeMode" : "pixelSizeOnScreen",
												"rangeValue" : 402.76971435546875
											}
										}
									],
									"lodNum" : 2,
									"modelPath" : "Tile_-11119_41634_0000_0001_0000.s3mb",
									"rangeMode" : "pixelSizeOnScreen",
									"rangeValue" : 201.38485717773438
								}
							}
						],
						"lodNum" : 1,
						"modelPath" : "Tile_-11119_41634_0000_0002_0000.s3mb",
						"rangeMode" : "pixelSizeOnScreen",
						"rangeValue" : 100.69242858886719
					}
				}
			],
			"lodNum" : 0,
			"modelPath" : "Tile_-11119_41634_0000.s3mb",
			"rangeMode" : "pixelSizeOnScreen",
			"rangeValue" : 0.0
		}
	}
}