{
	"lodTreeExport" : 
	{
		"name" : "Tile_-11122_41638_0000",
		"status" : 
		{
			"lodCount" : 5,
			"tilesCount" : 6
		},
		"tileInfo" : 
		{
			"boundingBox" : 
			{
				"max" : 
				{
					"x" : 374.79411899870576,
					"y" : 362.63077188318027,
					"z" : 23.98050291046826
				},
				"min" : 
				{
					"x" : 302.44534677884985,
					"y" : 302.30827316428048,
					"z" : -0.016358006094781736
				}
			},
			"children" : 
			[
				{
					"tileInfo" : 
					{
						"boundingBox" : 
						{
							"max" : 
							{
								"x" : 374.79411899870576,
								"y" : 362.63077188318027,
								"z" : 23.98050291046826
							},
							"min" : 
							{
								"x" : 302.44534677884985,
								"y" : 302.30827316428048,
								"z" : -0.016358006094781736
							}
						},
						"children" : 
						[
							{
								"tileInfo" : 
								{
									"boundingBox" : 
									{
										"max" : 
										{
											"x" : 374.79411899870576,
											"y" : 362.63077188318027,
											"z" : 23.98050291046826
										},
										"min" : 
										{
											"x" : 302.44534677884985,
											"y" : 302.30827316428048,
											"z" : -0.016358006094781736
										}
									},
									"children" : 
									[
										{
											"tileInfo" : 
											{
												"boundingBox" : 
												{
													"max" : 
													{
														"x" : 374.79411899870576,
														"y" : 362.63077188318027,
														"z" : 23.985644893717289
													},
													"min" : 
													{
														"x" : 302.44534677884985,
														"y" : 302.30827316428048,
														"z" : -0.016358006094781736
													}
												},
												"children" : 
												[
													{
														"tileInfo" : 
														{
															"boundingBox" : 
															{
																"max" : 
																{
																	"x" : 374.79411899870576,
																	"y" : 362.63077188318027,
																	"z" : 23.98050291046826
																},
																"min" : 
																{
																	"x" : 302.44534677884985,
																	"y" : 302.30827316428048,
																	"z" : -0.016358006094781736
																}
															},
															"lodNum" : 4,
															"modelPath" : "Tile_-11122_41638_0000_-0001_0000.s3mb",
															"rangeMode" : "pixelSizeOnScreen",
															"rangeValue" : 426.74273681640625
														}
													},
													{
														"tileInfo" : 
														{
															"boundingBox" : 
															{
																"max" : 
																{
																	"x" : 374.79411899870576,
																	"y" : 362.63077188318027,
																	"z" : 23.985644893717289
																},
																"min" : 
																{
																	"x" : 302.44661550647311,
																	"y" : 302.30947270283593,
																	"z" : 23.97871534211453
																}
															},
															"lodNum" : 4,
															"modelPath" : "Tile_-11122_41638_0000_-0001_0001.s3mb",
															"rangeMode" : "pixelSizeOnScreen",
															"rangeValue" : 411.20199584960938
														}
													}
												],
												"lodNum" : 3,
												"modelPath" : "Tile_-11122_41638_0000_0000_0000.s3mb",
												"rangeMode" : "pixelSizeOnScreen",
												"rangeValue" : 233.48703002929688
											}
										}
									],
									"lodNum" : 2,
									"modelPath" : "Tile_-11122_41638_0000_0001_0000.s3mb",
									"rangeMode" : "pixelSizeOnScreen",
									"rangeValue" : 116.74351501464844
								}
							}
						],
						"lodNum" : 1,
						"modelPath" : "Tile_-11122_41638_0000_0002_0000.s3mb",
						"rangeMode" : "pixelSizeOnScreen",
						"rangeValue" : 58.371757507324219
					}
				}
			],
			"lodNum" : 0,
			"modelPath" : "Tile_-11122_41638_0000.s3mb",
			"rangeMode" : "pixelSizeOnScreen",
			"rangeValue" : 0.0
		}
	}
}