{
	"lodTreeExport" : 
	{
		"name" : "Tile_-11121_41636_0000",
		"status" : 
		{
			"lodCount" : 4,
			"tilesCount" : 4
		},
		"tileInfo" : 
		{
			"boundingBox" : 
			{
				"max" : 
				{
					"x" : 99.709113978823197,
					"y" : 451.72943646965342,
					"z" : 14.985701243341596
				},
				"min" : 
				{
					"x" : -8.4347197881033296,
					"y" : 373.11587515796299,
					"z" : -0.013328297819094869
				}
			},
			"children" : 
			[
				{
					"tileInfo" : 
					{
						"boundingBox" : 
						{
							"max" : 
							{
								"x" : 99.709113978823197,
								"y" : 451.72943646965342,
								"z" : 14.985701243341596
							},
							"min" : 
							{
								"x" : -8.4347197881033296,
								"y" : 373.11587515796299,
								"z" : -0.013328297819094869
							}
						},
						"children" : 
						[
							{
								"tileInfo" : 
								{
									"boundingBox" : 
									{
										"max" : 
										{
											"x" : 99.709113978823197,
											"y" : 451.72943646965342,
											"z" : 14.985701243341596
										},
										"min" : 
										{
											"x" : -8.4347197881033296,
											"y" : 373.11587515796299,
											"z" : -0.013328297819094869
										}
									},
									"children" : 
									[
										{
											"tileInfo" : 
											{
												"boundingBox" : 
												{
													"max" : 
													{
														"x" : 99.709113978823197,
														"y" : 451.72943646965342,
														"z" : 14.985701243341596
													},
													"min" : 
													{
														"x" : -8.4347197881033296,
														"y" : 373.11587515796299,
														"z" : -0.013328297819094869
													}
												},
												"lodNum" : 3,
												"modelPath" : "Tile_-11121_41636_0000_0000_0000.s3mb",
												"rangeMode" : "pixelSizeOnScreen",
												"rangeValue" : 278.78720092773438
											}
										}
									],
									"lodNum" : 2,
									"modelPath" : "Tile_-11121_41636_0000_0001_0000.s3mb",
									"rangeMode" : "pixelSizeOnScreen",
									"rangeValue" : 139.39360046386719
								}
							}
						],
						"lodNum" : 1,
						"modelPath" : "Tile_-11121_41636_0000_0002_0000.s3mb",
						"rangeMode" : "pixelSizeOnScreen",
						"rangeValue" : 69.696800231933594
					}
				}
			],
			"lodNum" : 0,
			"modelPath" : "Tile_-11121_41636_0000.s3mb",
			"rangeMode" : "pixelSizeOnScreen",
			"rangeValue" : 0.0
		}
	}
}