{
	"lodTreeExport" : 
	{
		"name" : "Tile_-22240_83272_0000",
		"status" : 
		{
			"lodCount" : 5,
			"tilesCount" : 6
		},
		"tileInfo" : 
		{
			"boundingBox" : 
			{
				"max" : 
				{
					"x" : 11.687875748028999,
					"y" : 65.688941955548216,
					"z" : 0.99964964389801292
				},
				"min" : 
				{
					"x" : -11.687875747332326,
					"y" : -65.688919067401002,
					"z" : -0.00035036544432179479
				}
			},
			"children" : 
			[
				{
					"tileInfo" : 
					{
						"boundingBox" : 
						{
							"max" : 
							{
								"x" : 11.687875748028999,
								"y" : 65.688941955548216,
								"z" : 0.99964964389801292
							},
							"min" : 
							{
								"x" : -11.687875747332326,
								"y" : -65.688919067401002,
								"z" : -0.00035036544432179479
							}
						},
						"children" : 
						[
							{
								"tileInfo" : 
								{
									"boundingBox" : 
									{
										"max" : 
										{
											"x" : 11.687875748028999,
											"y" : 65.688941955548216,
											"z" : 0.99964964389801292
										},
										"min" : 
										{
											"x" : -11.687875747332326,
											"y" : -65.688919067401002,
											"z" : -0.00035036544432179479
										}
									},
									"children" : 
									[
										{
											"tileInfo" : 
											{
												"boundingBox" : 
												{
													"max" : 
													{
														"x" : 11.687875748028999,
														"y" : 65.688941955548216,
														"z" : 0.99964964389801292
													},
													"min" : 
													{
														"x" : -11.687875747332326,
														"y" : -65.688919067401002,
														"z" : -0.00035036544432179479
													}
												},
												"children" : 
												[
													{
														"tileInfo" : 
														{
															"boundingBox" : 
															{
																"max" : 
																{
																	"x" : 11.687875748028999,
																	"y" : 65.688941955548216,
																	"z" : 0.99964964389801292
																},
																"min" : 
																{
																	"x" : -11.687875747332326,
																	"y" : -65.688919067401002,
																	"z" : 0.99964964389800803
																}
															},
															"lodNum" : 4,
															"modelPath" : "Tile_-22240_83272_0000_-0001_0000.s3mb",
															"rangeMode" : "pixelSizeOnScreen",
															"rangeValue" : 533.76544189453125
														}
													},
													{
														"tileInfo" : 
														{
															"boundingBox" : 
															{
																"max" : 
																{
																	"x" : 11.687875748028999,
																	"y" : 65.688941955548216,
																	"z" : 0.99964964389801292
																},
																"min" : 
																{
																	"x" : -11.687875747332326,
																	"y" : -65.688919067401002,
																	"z" : -0.00035036544432179479
																}
															},
															"lodNum" : 4,
															"modelPath" : "Tile_-22240_83272_0000_-0001_0001.s3mb",
															"rangeMode" : "pixelSizeOnScreen",
															"rangeValue" : 533.78045654296875
														}
													}
												],
												"lodNum" : 3,
												"modelPath" : "Tile_-22240_83272_0000_0000_0000.s3mb",
												"rangeMode" : "pixelSizeOnScreen",
												"rangeValue" : 267.8863525390625
											}
										}
									],
									"lodNum" : 2,
									"modelPath" : "Tile_-22240_83272_0000_0001_0000.s3mb",
									"rangeMode" : "pixelSizeOnScreen",
									"rangeValue" : 133.94314575195313
								}
							}
						],
						"lodNum" : 1,
						"modelPath" : "Tile_-22240_83272_0000_0002_0000.s3mb",
						"rangeMode" : "pixelSizeOnScreen",
						"rangeValue" : 66.971641540527344
					}
				}
			],
			"lodNum" : 0,
			"modelPath" : "Tile_-22240_83272_0000.s3mb",
			"rangeMode" : "pixelSizeOnScreen",
			"rangeValue" : 0.0
		}
	}
}