{
	"lodTreeExport" : 
	{
		"name" : "Tile_-11119_41636_0000",
		"status" : 
		{
			"lodCount" : 5,
			"tilesCount" : 6
		},
		"tileInfo" : 
		{
			"boundingBox" : 
			{
				"max" : 
				{
					"x" : -200.19917331252557,
					"y" : -294.92965944377715,
					"z" : 23.989541880880786
				},
				"min" : 
				{
					"x" : -269.82689701058871,
					"y" : -386.41067699603491,
					"z" : -0.016877978046062756
				}
			},
			"children" : 
			[
				{
					"tileInfo" : 
					{
						"boundingBox" : 
						{
							"max" : 
							{
								"x" : -200.19917331252557,
								"y" : -294.92965944377715,
								"z" : 23.989541880880786
							},
							"min" : 
							{
								"x" : -269.82689701058871,
								"y" : -386.41067699603491,
								"z" : -0.016877978046062756
							}
						},
						"children" : 
						[
							{
								"tileInfo" : 
								{
									"boundingBox" : 
									{
										"max" : 
										{
											"x" : -200.19917331252557,
											"y" : -294.92965944377715,
											"z" : 23.989541880880786
										},
										"min" : 
										{
											"x" : -269.82689701058871,
											"y" : -386.41067699603491,
											"z" : -0.016877978046062756
										}
									},
									"children" : 
									[
										{
											"tileInfo" : 
											{
												"boundingBox" : 
												{
													"max" : 
													{
														"x" : -200.19917331252557,
														"y" : -294.92965944377715,
														"z" : 23.989541880880786
													},
													"min" : 
													{
														"x" : -269.82780872029878,
														"y" : -386.41208264035737,
														"z" : -0.016877978046062756
													}
												},
												"children" : 
												[
													{
														"tileInfo" : 
														{
															"boundingBox" : 
															{
																"max" : 
																{
																	"x" : -200.19917331252557,
																	"y" : -294.92965944377715,
																	"z" : 23.989541880880786
																},
																"min" : 
																{
																	"x" : -269.82689701058871,
																	"y" : -386.41067699603491,
																	"z" : -0.016877978046062756
																}
															},
															"lodNum" : 4,
															"modelPath" : "Tile_-11119_41636_0000_-0001_0000.s3mb",
															"rangeMode" : "pixelSizeOnScreen",
															"rangeValue" : 524.74407958984375
														}
													},
													{
														"tileInfo" : 
														{
															"boundingBox" : 
															{
																"max" : 
																{
																	"x" : -200.19917331252557,
																	"y" : -294.92965944377715,
																	"z" : 23.989541880880786
																},
																"min" : 
																{
																	"x" : -269.82780872029878,
																	"y" : -386.41208264035737,
																	"z" : 23.983122347291655
																}
															},
															"lodNum" : 4,
															"modelPath" : "Tile_-11119_41636_0000_-0001_0001.s3mb",
															"rangeMode" : "pixelSizeOnScreen",
															"rangeValue" : 506.89572143554688
														}
													}
												],
												"lodNum" : 3,
												"modelPath" : "Tile_-11119_41636_0000_0000_0000.s3mb",
												"rangeMode" : "pixelSizeOnScreen",
												"rangeValue" : 281.90997314453125
											}
										}
									],
									"lodNum" : 2,
									"modelPath" : "Tile_-11119_41636_0000_0001_0000.s3mb",
									"rangeMode" : "pixelSizeOnScreen",
									"rangeValue" : 140.95498657226563
								}
							}
						],
						"lodNum" : 1,
						"modelPath" : "Tile_-11119_41636_0000_0002_0000.s3mb",
						"rangeMode" : "pixelSizeOnScreen",
						"rangeValue" : 70.477493286132813
					}
				}
			],
			"lodNum" : 0,
			"modelPath" : "Tile_-11119_41636_0000.s3mb",
			"rangeMode" : "pixelSizeOnScreen",
			"rangeValue" : 0.0
		}
	}
}