{
	"lodTreeExport" : 
	{
		"name" : "Tile_-11121_41638_0000",
		"status" : 
		{
			"lodCount" : 5,
			"tilesCount" : 6
		},
		"tileInfo" : 
		{
			"boundingBox" : 
			{
				"max" : 
				{
					"x" : 455.67334188212754,
					"y" : 394.79986068985022,
					"z" : 14.971638913468823
				},
				"min" : 
				{
					"x" : 384.64716149365012,
					"y" : 325.47432615873214,
					"z" : -0.01990827311362562
				}
			},
			"children" : 
			[
				{
					"tileInfo" : 
					{
						"boundingBox" : 
						{
							"max" : 
							{
								"x" : 455.67334188212754,
								"y" : 394.79986068985022,
								"z" : 14.971638913468823
							},
							"min" : 
							{
								"x" : 384.64716149365012,
								"y" : 325.47432615873214,
								"z" : -0.01990827311362562
							}
						},
						"children" : 
						[
							{
								"tileInfo" : 
								{
									"boundingBox" : 
									{
										"max" : 
										{
											"x" : 455.67334188212754,
											"y" : 394.79986068985022,
											"z" : 14.971638913468823
										},
										"min" : 
										{
											"x" : 384.64716149365012,
											"y" : 325.47432615873214,
											"z" : -0.01990827311362562
										}
									},
									"children" : 
									[
										{
											"tileInfo" : 
											{
												"boundingBox" : 
												{
													"max" : 
													{
														"x" : 455.67334188212754,
														"y" : 394.79986068985022,
														"z" : 14.980091596057457
													},
													"min" : 
													{
														"x" : 384.64716149365012,
														"y" : 325.47432615873214,
														"z" : -0.022427980038645951
													}
												},
												"children" : 
												[
													{
														"tileInfo" : 
														{
															"boundingBox" : 
															{
																"max" : 
																{
																	"x" : 455.67334187993066,
																	"y" : 394.79986068795773,
																	"z" : 14.974124357329076
																},
																"min" : 
																{
																	"x" : 384.64716149365012,
																	"y" : 325.47432615873214,
																	"z" : -0.022427980038645951
																}
															},
															"lodNum" : 4,
															"modelPath" : "Tile_-11121_41638_0000_-0001_0000.s3mb",
															"rangeMode" : "pixelSizeOnScreen",
															"rangeValue" : 401.53363037109375
														}
													},
													{
														"tileInfo" : 
														{
															"boundingBox" : 
															{
																"max" : 
																{
																	"x" : 455.67334188212754,
																	"y" : 394.79986068985022,
																	"z" : 14.980091596057457
																},
																"min" : 
																{
																	"x" : 384.64814876412504,
																	"y" : 325.47517662030617,
																	"z" : 14.971638913468823
																}
															},
															"lodNum" : 4,
															"modelPath" : "Tile_-11121_41638_0000_-0001_0001.s3mb",
															"rangeMode" : "pixelSizeOnScreen",
															"rangeValue" : 397.01416015625
														}
													}
												],
												"lodNum" : 3,
												"modelPath" : "Tile_-11121_41638_0000_0000_0000.s3mb",
												"rangeMode" : "pixelSizeOnScreen",
												"rangeValue" : 214.6331787109375
											}
										}
									],
									"lodNum" : 2,
									"modelPath" : "Tile_-11121_41638_0000_0001_0000.s3mb",
									"rangeMode" : "pixelSizeOnScreen",
									"rangeValue" : 107.31684875488281
								}
							}
						],
						"lodNum" : 1,
						"modelPath" : "Tile_-11121_41638_0000_0002_0000.s3mb",
						"rangeMode" : "pixelSizeOnScreen",
						"rangeValue" : 53.658695220947266
					}
				}
			],
			"lodNum" : 0,
			"modelPath" : "Tile_-11121_41638_0000.s3mb",
			"rangeMode" : "pixelSizeOnScreen",
			"rangeValue" : 0.0
		}
	}
}