{
	"lodTreeExport" : 
	{
		"name" : "Tile_-0003_0010_0000",
		"status" : 
		{
			"lodCount" : 4,
			"tilesCount" : 4
		},
		"tileInfo" : 
		{
			"boundingBox" : 
			{
				"max" : 
				{
					"x" : 5498119.4744993448,
					"y" : 3105978.4559007091,
					"z" : -7196329.3578661038
				},
				"min" : 
				{
					"x" : 5497706.8794856975,
					"y" : 3105457.6906015282,
					"z" : -7197399.3253964307
				}
			},
			"children" : 
			[
				{
					"tileInfo" : 
					{
						"boundingBox" : 
						{
							"max" : 
							{
								"x" : 5498119.4744993448,
								"y" : 3105978.4559007091,
								"z" : -7196329.3578661038
							},
							"min" : 
							{
								"x" : 5497706.8794856975,
								"y" : 3105457.6906015282,
								"z" : -7197399.3253964307
							}
						},
						"children" : 
						[
							{
								"tileInfo" : 
								{
									"boundingBox" : 
									{
										"max" : 
										{
											"x" : 5498119.4744993448,
											"y" : 3105978.4559007091,
											"z" : -7196329.3578661038
										},
										"min" : 
										{
											"x" : 5497706.8794856975,
											"y" : 3105457.6906015282,
											"z" : -7197399.3253964307
										}
									},
									"children" : 
									[
										{
											"tileInfo" : 
											{
												"boundingBox" : 
												{
													"max" : 
													{
														"x" : 5498119.4744993448,
														"y" : 3105978.4559007091,
														"z" : -7196329.3578661038
													},
													"min" : 
													{
														"x" : 5497706.8794856975,
														"y" : 3105457.6906015282,
														"z" : -7197399.3253964307
													}
												},
												"lodNum" : 3,
												"modelPath" : "Tile_-0003_0010_0000_0000_0000.s3mb",
												"rangeMode" : "pixelSizeOnScreen",
												"rangeValue" : 1024.0
											}
										}
									],
									"lodNum" : 2,
									"modelPath" : "Tile_-0003_0010_0000_0001_0000.s3mb",
									"rangeMode" : "pixelSizeOnScreen",
									"rangeValue" : 1024.0
								}
							}
						],
						"lodNum" : 1,
						"modelPath" : "Tile_-0003_0010_0000_0002_0000.s3mb",
						"rangeMode" : "pixelSizeOnScreen",
						"rangeValue" : 789.37005615234375
					}
				}
			],
			"lodNum" : 0,
			"modelPath" : "Tile_-0003_0010_0000.s3mb",
			"rangeMode" : "pixelSizeOnScreen",
			"rangeValue" : 0.0
		}
	}
}