{
	"lodTreeExport" : 
	{
		"name" : "Tile_0007_0010_0000",
		"status" : 
		{
			"lodCount" : 4,
			"tilesCount" : 4
		},
		"tileInfo" : 
		{
			"boundingBox" : 
			{
				"max" : 
				{
					"x" : 209494.77086376696,
					"y" : -6154595.6669136416,
					"z" : -4759670.6626183735
				},
				"min" : 
				{
					"x" : 209421.74129874655,
					"y" : -6154596.8662846582,
					"z" : -4759672.1976205809
				}
			},
			"children" : 
			[
				{
					"tileInfo" : 
					{
						"boundingBox" : 
						{
							"max" : 
							{
								"x" : 209494.77086376696,
								"y" : -6154595.6669136416,
								"z" : -4759670.6626183735
							},
							"min" : 
							{
								"x" : 209421.74129874655,
								"y" : -6154596.8662846582,
								"z" : -4759672.1976205809
							}
						},
						"children" : 
						[
							{
								"tileInfo" : 
								{
									"boundingBox" : 
									{
										"max" : 
										{
											"x" : 209494.77086376696,
											"y" : -6154595.6669136416,
											"z" : -4759670.6626183735
										},
										"min" : 
										{
											"x" : 209421.74129874655,
											"y" : -6154596.8662846582,
											"z" : -4759672.1976205809
										}
									},
									"children" : 
									[
										{
											"tileInfo" : 
											{
												"boundingBox" : 
												{
													"max" : 
													{
														"x" : 209494.77086376696,
														"y" : -6154595.6669136416,
														"z" : -4759670.6626183735
													},
													"min" : 
													{
														"x" : 209421.74129874655,
														"y" : -6154596.8662846582,
														"z" : -4759672.1976205809
													}
												},
												"lodNum" : 3,
												"modelPath" : "Tile_0007_0010_0000_0000_0000.s3mb",
												"rangeMode" : "pixelSizeOnScreen",
												"rangeValue" : 150.95527648925781
											}
										}
									],
									"lodNum" : 2,
									"modelPath" : "Tile_0007_0010_0000_0001_0000.s3mb",
									"rangeMode" : "pixelSizeOnScreen",
									"rangeValue" : 75.477638244628906
								}
							}
						],
						"lodNum" : 1,
						"modelPath" : "Tile_0007_0010_0000_0002_0000.s3mb",
						"rangeMode" : "pixelSizeOnScreen",
						"rangeValue" : 37.738819122314453
					}
				}
			],
			"lodNum" : 0,
			"modelPath" : "Tile_0007_0010_0000.s3mb",
			"rangeMode" : "pixelSizeOnScreen",
			"rangeValue" : 0.0
		}
	}
}