{
	"lodTreeExport" : 
	{
		"name" : "Tile_-11118_41635_0000",
		"status" : 
		{
			"lodCount" : 4,
			"tilesCount" : 4
		},
		"tileInfo" : 
		{
			"boundingBox" : 
			{
				"max" : 
				{
					"x" : -203.97045859912981,
					"y" : -306.53106049271031,
					"z" : 14.990327333746601
				},
				"min" : 
				{
					"x" : -381.066974072687,
					"y" : -459.68079416484818,
					"z" : -0.027799778815298944
				}
			},
			"children" : 
			[
				{
					"tileInfo" : 
					{
						"boundingBox" : 
						{
							"max" : 
							{
								"x" : -203.97045859912981,
								"y" : -306.53106049271031,
								"z" : 14.990327333746601
							},
							"min" : 
							{
								"x" : -381.066974072687,
								"y" : -459.68079416484818,
								"z" : -0.027799778815298944
							}
						},
						"children" : 
						[
							{
								"tileInfo" : 
								{
									"boundingBox" : 
									{
										"max" : 
										{
											"x" : -203.97045859912981,
											"y" : -306.53106049271031,
											"z" : 14.990327333746601
										},
										"min" : 
										{
											"x" : -381.066974072687,
											"y" : -459.68079416484818,
											"z" : -0.027799778815298944
										}
									},
									"children" : 
									[
										{
											"tileInfo" : 
											{
												"boundingBox" : 
												{
													"max" : 
													{
														"x" : -203.97045859912981,
														"y" : -306.53106049271031,
														"z" : 14.990327333746601
													},
													"min" : 
													{
														"x" : -381.066974072687,
														"y" : -459.68079416484818,
														"z" : -0.027799778815298944
													}
												},
												"lodNum" : 3,
												"modelPath" : "Tile_-11118_41635_0000_0000_0000.s3mb",
												"rangeMode" : "pixelSizeOnScreen",
												"rangeValue" : 469.24020385742188
											}
										}
									],
									"lodNum" : 2,
									"modelPath" : "Tile_-11118_41635_0000_0001_0000.s3mb",
									"rangeMode" : "pixelSizeOnScreen",
									"rangeValue" : 234.62010192871094
								}
							}
						],
						"lodNum" : 1,
						"modelPath" : "Tile_-11118_41635_0000_0002_0000.s3mb",
						"rangeMode" : "pixelSizeOnScreen",
						"rangeValue" : 117.31005096435547
					}
				}
			],
			"lodNum" : 0,
			"modelPath" : "Tile_-11118_41635_0000.s3mb",
			"rangeMode" : "pixelSizeOnScreen",
			"rangeValue" : 0.0
		}
	}
}