{
	"lodTreeExport" : 
	{
		"name" : "Tile_-11120_41637_0000",
		"status" : 
		{
			"lodCount" : 5,
			"tilesCount" : 6
		},
		"tileInfo" : 
		{
			"boundingBox" : 
			{
				"max" : 
				{
					"x" : 37.17983847496096,
					"y" : -202.05156162524136,
					"z" : 23.996882344760049
				},
				"min" : 
				{
					"x" : -51.813631012525356,
					"y" : -265.66323718773128,
					"z" : -0.0057262262857141599
				}
			},
			"children" : 
			[
				{
					"tileInfo" : 
					{
						"boundingBox" : 
						{
							"max" : 
							{
								"x" : 37.17983847496096,
								"y" : -202.05156162524136,
								"z" : 23.996882344760049
							},
							"min" : 
							{
								"x" : -51.813631012525356,
								"y" : -265.66323718773128,
								"z" : -0.0057262262857141599
							}
						},
						"children" : 
						[
							{
								"tileInfo" : 
								{
									"boundingBox" : 
									{
										"max" : 
										{
											"x" : 37.17983847496096,
											"y" : -202.05156162524136,
											"z" : 23.996882344760049
										},
										"min" : 
										{
											"x" : -51.813631012525356,
											"y" : -265.66323718773128,
											"z" : -0.0057262262857141599
										}
									},
									"children" : 
									[
										{
											"tileInfo" : 
											{
												"boundingBox" : 
												{
													"max" : 
													{
														"x" : 37.17983847496096,
														"y" : -202.05156162524136,
														"z" : 23.996882344760049
													},
													"min" : 
													{
														"x" : -51.813658521083248,
														"y" : -265.66412079222039,
														"z" : -0.0057262262857141599
													}
												},
												"children" : 
												[
													{
														"tileInfo" : 
														{
															"boundingBox" : 
															{
																"max" : 
																{
																	"x" : 37.17983847496096,
																	"y" : -202.05156162524136,
																	"z" : 23.996882344760049
																},
																"min" : 
																{
																	"x" : -51.813631012525356,
																	"y" : -265.66323718773128,
																	"z" : -0.0057262262857141599
																}
															},
															"lodNum" : 4,
															"modelPath" : "Tile_-11120_41637_0000_-0001_0000.s3mb",
															"rangeMode" : "pixelSizeOnScreen",
															"rangeValue" : 447.9765625
														}
													},
													{
														"tileInfo" : 
														{
															"boundingBox" : 
															{
																"max" : 
																{
																	"x" : 37.17983847496096,
																	"y" : -202.05156162524136,
																	"z" : 23.996882344760049
																},
																"min" : 
																{
																	"x" : -51.813658521083248,
																	"y" : -265.66412079222039,
																	"z" : 23.994274295096918
																}
															},
															"lodNum" : 4,
															"modelPath" : "Tile_-11120_41637_0000_-0001_0001.s3mb",
															"rangeMode" : "pixelSizeOnScreen",
															"rangeValue" : 437.56436157226563
														}
													}
												],
												"lodNum" : 3,
												"modelPath" : "Tile_-11120_41637_0000_0000_0000.s3mb",
												"rangeMode" : "pixelSizeOnScreen",
												"rangeValue" : 245.38529968261719
											}
										}
									],
									"lodNum" : 2,
									"modelPath" : "Tile_-11120_41637_0000_0001_0000.s3mb",
									"rangeMode" : "pixelSizeOnScreen",
									"rangeValue" : 122.69276428222656
								}
							}
						],
						"lodNum" : 1,
						"modelPath" : "Tile_-11120_41637_0000_0002_0000.s3mb",
						"rangeMode" : "pixelSizeOnScreen",
						"rangeValue" : 61.346324920654297
					}
				}
			],
			"lodNum" : 0,
			"modelPath" : "Tile_-11120_41637_0000.s3mb",
			"rangeMode" : "pixelSizeOnScreen",
			"rangeValue" : 0.0
		}
	}
}