{
	"lodTreeExport" : 
	{
		"name" : "Tile_-11121_41638_0000",
		"status" : 
		{
			"lodCount" : 5,
			"tilesCount" : 28
		},
		"tileInfo" : 
		{
			"boundingBox" : 
			{
				"max" : 
				{
					"x" : 390.20264019525058,
					"y" : 295.44313962466822,
					"z" : 23.995482611475101
				},
				"min" : 
				{
					"x" : 103.42063769106153,
					"y" : 138.7068158079725,
					"z" : -0.011958205418755242
				}
			},
			"children" : 
			[
				{
					"tileInfo" : 
					{
						"boundingBox" : 
						{
							"max" : 
							{
								"x" : 256.88730787909543,
								"y" : 295.44313962466822,
								"z" : 23.995482611475101
							},
							"min" : 
							{
								"x" : 103.42063769106153,
								"y" : 169.85914640561938,
								"z" : -0.0080699900893018671
							}
						},
						"children" : 
						[
							{
								"tileInfo" : 
								{
									"boundingBox" : 
									{
										"max" : 
										{
											"x" : 166.76584823061873,
											"y" : 295.44313962466822,
											"z" : 23.991055196270121
										},
										"min" : 
										{
											"x" : 110.14252731855255,
											"y" : 236.54035182661937,
											"z" : -0.0053500179883740227
										}
									},
									"children" : 
									[
										{
											"tileInfo" : 
											{
												"boundingBox" : 
												{
													"max" : 
													{
														"x" : 166.76584823061873,
														"y" : 295.44313962466822,
														"z" : 23.994650655547371
													},
													"min" : 
													{
														"x" : 110.14252731855255,
														"y" : 236.54035182661937,
														"z" : -0.0053500179883740227
													}
												},
												"children" : 
												[
													{
														"tileInfo" : 
														{
															"boundingBox" : 
															{
																"max" : 
																{
																	"x" : 166.76584823061873,
																	"y" : 295.44313962466822,
																	"z" : 23.991055196270121
																},
																"min" : 
																{
																	"x" : 110.14252731855255,
																	"y" : 236.54035182661937,
																	"z" : -0.0053500179883740227
																}
															},
															"lodNum" : 4,
															"modelPath" : "Tile_-11121_41638_0000_-0001_0000.s3mb",
															"rangeMode" : "pixelSizeOnScreen",
															"rangeValue" : 340.63748168945313
														}
													},
													{
														"tileInfo" : 
														{
															"boundingBox" : 
															{
																"max" : 
																{
																	"x" : 166.76584823061873,
																	"y" : 295.44313962466822,
																	"z" : 23.994650655547371
																},
																"min" : 
																{
																	"x" : 110.14304784994262,
																	"y" : 236.5413568463056,
																	"z" : 23.991055196270121
																}
															},
															"lodNum" : 4,
															"modelPath" : "Tile_-11121_41638_0000_-0001_0001.s3mb",
															"rangeMode" : "pixelSizeOnScreen",
															"rangeValue" : 326.82086181640625
														}
													}
												],
												"lodNum" : 3,
												"modelPath" : "Tile_-11121_41638_0000_0000_0000.s3mb",
												"rangeMode" : "pixelSizeOnScreen",
												"rangeValue" : 190.86351013183594
											}
										}
									],
									"lodNum" : 2,
									"modelPath" : "Tile_-11121_41638_0000_0001_0000.s3mb",
									"rangeMode" : "pixelSizeOnScreen",
									"rangeValue" : 95.431816101074219
								}
							},
							{
								"tileInfo" : 
								{
									"boundingBox" : 
									{
										"max" : 
										{
											"x" : 126.27816036567084,
											"y" : 204.09201383356984,
											"z" : 23.995482611475101
										},
										"min" : 
										{
											"x" : 103.42063769106153,
											"y" : 169.85914640561938,
											"z" : -0.0031012048232126068
										}
									},
									"children" : 
									[
										{
											"tileInfo" : 
											{
												"boundingBox" : 
												{
													"max" : 
													{
														"x" : 126.27816036567084,
														"y" : 204.09201383356984,
														"z" : 23.996897682512625
													},
													"min" : 
													{
														"x" : 103.42063769106153,
														"y" : 169.85914640561938,
														"z" : -0.0031012048232126068
													}
												},
												"children" : 
												[
													{
														"tileInfo" : 
														{
															"boundingBox" : 
															{
																"max" : 
																{
																	"x" : 126.27816036567084,
																	"y" : 204.09201383356984,
																	"z" : 23.995482611475101
																},
																"min" : 
																{
																	"x" : 103.42063769106153,
																	"y" : 169.85914640561938,
																	"z" : -0.0031012048232126068
																}
															},
															"lodNum" : 4,
															"modelPath" : "Tile_-11121_41638_0000_-0001_0002.s3mb",
															"rangeMode" : "pixelSizeOnScreen",
															"rangeValue" : 190.59889221191406
														}
													},
													{
														"tileInfo" : 
														{
															"boundingBox" : 
															{
																"max" : 
																{
																	"x" : 126.27816036567084,
																	"y" : 204.09201383356984,
																	"z" : 23.996897682512625
																},
																"min" : 
																{
																	"x" : 103.42106947803734,
																	"y" : 169.85985287173855,
																	"z" : 23.995482611475101
																}
															},
															"lodNum" : 4,
															"modelPath" : "Tile_-11121_41638_0000_-0001_0003.s3mb",
															"rangeMode" : "pixelSizeOnScreen",
															"rangeValue" : 164.64913940429688
														}
													}
												],
												"lodNum" : 3,
												"modelPath" : "Tile_-11121_41638_0000_0000_0001.s3mb",
												"rangeMode" : "pixelSizeOnScreen",
												"rangeValue" : 112.81144714355469
											}
										}
									],
									"lodNum" : 2,
									"modelPath" : "Tile_-11121_41638_0000_0001_0001.s3mb",
									"rangeMode" : "pixelSizeOnScreen",
									"rangeValue" : 56.406101226806641
								}
							},
							{
								"tileInfo" : 
								{
									"boundingBox" : 
									{
										"max" : 
										{
											"x" : 256.88730787909543,
											"y" : 290.99932528395368,
											"z" : 23.989993660681442
										},
										"min" : 
										{
											"x" : 189.02729222936185,
											"y" : 234.77892359646225,
											"z" : -0.0080699900893018671
										}
									},
									"children" : 
									[
										{
											"tileInfo" : 
											{
												"boundingBox" : 
												{
													"max" : 
													{
														"x" : 256.88730787909543,
														"y" : 290.99932528395368,
														"z" : 23.9927223873614
													},
													"min" : 
													{
														"x" : 189.02729222936185,
														"y" : 234.77892359646225,
														"z" : -0.0080699900893018671
													}
												},
												"children" : 
												[
													{
														"tileInfo" : 
														{
															"boundingBox" : 
															{
																"max" : 
																{
																	"x" : 256.88730787909543,
																	"y" : 290.99932528395368,
																	"z" : 23.989993660681442
																},
																"min" : 
																{
																	"x" : 189.02729222936185,
																	"y" : 234.77892359646225,
																	"z" : -0.0080699900893018671
																}
															},
															"lodNum" : 4,