{
	"lodTreeExport" : 
	{
		"name" : "Tile_-11122_41639_0000",
		"status" : 
		{
			"lodCount" : 5,
			"tilesCount" : 6
		},
		"tileInfo" : 
		{
			"boundingBox" : 
			{
				"max" : 
				{
					"x" : 441.56891875730179,
					"y" : 386.42429688036793,
					"z" : 23.975827601656693
				},
				"min" : 
				{
					"x" : 388.62295535391775,
					"y" : 292.37674506972286,
					"z" : -0.021460982718464333
				}
			},
			"children" : 
			[
				{
					"tileInfo" : 
					{
						"boundingBox" : 
						{
							"max" : 
							{
								"x" : 441.56891875730179,
								"y" : 386.42429688036793,
								"z" : 23.975827601656693
							},
							"min" : 
							{
								"x" : 388.62295535391775,
								"y" : 292.37674506972286,
								"z" : -0.021460982718464333
							}
						},
						"children" : 
						[
							{
								"tileInfo" : 
								{
									"boundingBox" : 
									{
										"max" : 
										{
											"x" : 441.56891875730179,
											"y" : 386.42429688036793,
											"z" : 23.975827601656693
										},
										"min" : 
										{
											"x" : 388.62295535391775,
											"y" : 292.37674506972286,
											"z" : -0.021460982718464333
										}
									},
									"children" : 
									[
										{
											"tileInfo" : 
											{
												"boundingBox" : 
												{
													"max" : 
													{
														"x" : 441.56891875730179,
														"y" : 386.42429688036793,
														"z" : 23.981449402530689
													},
													"min" : 
													{
														"x" : 388.62295535391775,
														"y" : 292.37674506972286,
														"z" : -0.021460982718464333
													}
												},
												"children" : 
												[
													{
														"tileInfo" : 
														{
															"boundingBox" : 
															{
																"max" : 
																{
																	"x" : 441.56891875730179,
																	"y" : 386.42429688036793,
																	"z" : 23.977428235722858
																},
																"min" : 
																{
																	"x" : 388.62295535391775,
																	"y" : 292.37674506972286,
																	"z" : -0.021460982718464333
																}
															},
															"lodNum" : 4,
															"modelPath" : "Tile_-11122_41639_0000_-0001_0000.s3mb",
															"rangeMode" : "pixelSizeOnScreen",
															"rangeValue" : 469.52606201171875
														}
													},
													{
														"tileInfo" : 
														{
															"boundingBox" : 
															{
																"max" : 
																{
																	"x" : 441.56891875730179,
																	"y" : 386.42429688036793,
																	"z" : 23.981449402530689
																},
																"min" : 
																{
																	"x" : 388.62450833700484,
																	"y" : 292.37794556462245,
																	"z" : 23.97304857989004
																}
															},
															"lodNum" : 4,
															"modelPath" : "Tile_-11122_41639_0000_-0001_0001.s3mb",
															"rangeMode" : "pixelSizeOnScreen",
															"rangeValue" : 452.87362670898438
														}
													}
												],
												"lodNum" : 3,
												"modelPath" : "Tile_-11122_41639_0000_0000_0000.s3mb",
												"rangeMode" : "pixelSizeOnScreen",
												"rangeValue" : 254.60067749023438
											}
										}
									],
									"lodNum" : 2,
									"modelPath" : "Tile_-11122_41639_0000_0001_0000.s3mb",
									"rangeMode" : "pixelSizeOnScreen",
									"rangeValue" : 127.30033874511719
								}
							}
						],
						"lodNum" : 1,
						"modelPath" : "Tile_-11122_41639_0000_0002_0000.s3mb",
						"rangeMode" : "pixelSizeOnScreen",
						"rangeValue" : 63.650169372558594
					}
				}
			],
			"lodNum" : 0,
			"modelPath" : "Tile_-11122_41639_0000.s3mb",
			"rangeMode" : "pixelSizeOnScreen",
			"rangeValue" : 0.0
		}
	}
}