{
	"lodTreeExport" : 
	{
		"name" : "Tile_-11120_41636_0000",
		"status" : 
		{
			"lodCount" : 5,
			"tilesCount" : 10
		},
		"tileInfo" : 
		{
			"boundingBox" : 
			{
				"max" : 
				{
					"x" : -146.51484324541207,
					"y" : 46.679490419786099,
					"z" : 23.998596687297191
				},
				"min" : 
				{
					"x" : -361.8626118407783,
					"y" : -121.45289111498859,
					"z" : -0.010330834630871893
				}
			},
			"children" : 
			[
				{
					"tileInfo" : 
					{
						"boundingBox" : 
						{
							"max" : 
							{
								"x" : -146.51484324541207,
								"y" : 46.679490419786099,
								"z" : 23.998596687297191
							},
							"min" : 
							{
								"x" : -361.8626118407783,
								"y" : -121.45289111498859,
								"z" : -0.010330834630871893
							}
						},
						"children" : 
						[
							{
								"tileInfo" : 
								{
									"boundingBox" : 
									{
										"max" : 
										{
											"x" : -155.98363880705125,
											"y" : 46.679490419786099,
											"z" : 23.998596687297191
										},
										"min" : 
										{
											"x" : -361.8626118407783,
											"y" : -36.960940847975522,
											"z" : -0.010330834630871893
										}
									},
									"children" : 
									[
										{
											"tileInfo" : 
											{
												"boundingBox" : 
												{
													"max" : 
													{
														"x" : -155.98363880705125,
														"y" : 46.679490419786099,
														"z" : 23.998596687297191
													},
													"min" : 
													{
														"x" : -361.863585286432,
														"y" : -36.960940847975522,
														"z" : -0.010330834630871893
													}
												},
												"children" : 
												[
													{
														"tileInfo" : 
														{
															"boundingBox" : 
															{
																"max" : 
																{
																	"x" : -155.98363880705125,
																	"y" : 46.679490419786099,
																	"z" : 23.998596687297191
																},
																"min" : 
																{
																	"x" : -361.8626118407783,
																	"y" : -36.960940847975522,
																	"z" : -0.010330834630871893
																}
															},
															"lodNum" : 4,
															"modelPath" : "Tile_-11120_41636_0000_-0001_0000.s3mb",
															"rangeMode" : "pixelSizeOnScreen",
															"rangeValue" : 894.075439453125
														}
													},
													{
														"tileInfo" : 
														{
															"boundingBox" : 
															{
																"max" : 
																{
																	"x" : -155.98363880705125,
																	"y" : 46.679490419786099,
																	"z" : 23.998596687297191
																},
																"min" : 
																{
																	"x" : -361.863585286432,
																	"y" : -36.960922489667823,
																	"z" : 23.989669258077715
																}
															},
															"lodNum" : 4,
															"modelPath" : "Tile_-11120_41636_0000_-0001_0001.s3mb",
															"rangeMode" : "pixelSizeOnScreen",
															"rangeValue" : 888.89892578125
														}
													}
												],
												"lodNum" : 3,
												"modelPath" : "Tile_-11120_41636_0000_0000_0000.s3mb",
												"rangeMode" : "pixelSizeOnScreen",
												"rangeValue" : 469.74014282226563
											}
										}
									],
									"lodNum" : 2,
									"modelPath" : "Tile_-11120_41636_0000_0001_0000.s3mb",
									"rangeMode" : "pixelSizeOnScreen",
									"rangeValue" : 234.86991882324219
								}
							},
							{
								"tileInfo" : 
								{
									"boundingBox" : 
									{
										"max" : 
										{
											"x" : -146.51484324541207,
											"y" : -90.977960392710258,
											"z" : 23.997684632297304
										},
										"min" : 
										{
											"x" : -187.93060200135346,
											"y" : -121.45289111498859,
											"z" : -0.0039091576004323739
										}
									},
									"children" : 
									[
										{
											"tileInfo" : 
											{
												"boundingBox" : 
												{
													"max" : 
													{
														"x" : -146.51484324541207,
														"y" : -90.977960392710258,
														"z" : 23.997684632297304
													},
													"min" : 
													{
														"x" : -187.93123069079562,
														"y" : -121.45329243818747,
														"z" : -0.0039091576004323739
													}
												},
												"children" : 
												[
													{
														"tileInfo" : 
														{
															"boundingBox" : 
															{
																"max" : 
																{
																	"x" : -146.51484324541207,
																	"y" : -90.977960392710258,
																	"z" : 23.997684632297304
																},
																"min" : 
																{
																	"x" : -187.93060200135346,
																	"y" : -121.45289111498859,
																	"z" : -0.0039091576004323739
																}
															},
															"lodNum" : 4,
															"modelPath" : "Tile_-11120_41636_0000_-0001_0002.s3mb",
															"rangeMode" : "pixelSizeOnScreen",
															"rangeValue" : 226.99147033691406
														}
													},
													{
														"tileInfo" : 
														{
															"boundingBox" : 
															{
																"max" : 
																{
																	"x" : -146.51484324541207,
																	"y" : -90.977960392710258,
																	"z" : 23.997684632297304
																},
																"min" : 
																{
																	"x" : -187.93123069079562,
																	"y" : -121.45329243818747,
																	"z" : 23.996090111279397
																}
															},
															"lodNum" : 4,
															"modelPath" : "Tile_-11120_41636_0000_-0001_0003.s3mb",
															"rangeMode" : "pixelSizeOnScreen",
															"rangeValue" : 205.68524169921875
														}
													}
												],
												"lodNum" : 3,
												"modelPath" : "Tile_-11120_41636_0000_0000_0001.s3mb",
												"rangeMode" : "pixelSizeOnScreen",
												"rangeValue" : 132.16831970214844
											}
										}
									],
									"lodNum" : 2,
									"modelPath" : "Tile_-11120_41636_0000_0001_0001.s3mb",
									"rangeMode" : "pixelSizeOnScreen",
									"rangeValue" : 66.084365844726563
								}
							}
						],
						"lodNum" : 1,
						"modelPath" : "Tile_-11120_41636_0000_0002_0000.s3mb",
						"rangeMode" : "pixelSizeOnScreen",
						"rangeValue" : 154.47938537597656
					}
				}
			],
			"lodNum" : 0,
			"modelPath" : "Tile_-11120_41636_0000.s3mb",
			"rangeMode" : "pixelSizeOnScreen",
			"rangeValue" : 0.0
		}
	}
}