{
	"lodTreeExport" : 
	{
		"name" : "Tile_-22237_83270_0000",
		"status" : 
		{
			"lodCount" : 4,
			"tilesCount" : 4
		},
		"tileInfo" : 
		{
			"boundingBox" : 
			{
				"max" : 
				{
					"x" : 136.25969147102325,
					"y" : 158.4975914150549,
					"z" : -0.00024891734497483643
				},
				"min" : 
				{
					"x" : -136.25889372237052,
					"y" : -158.49607619752925,
					"z" : -0.0024656211651823984
				}
			},
			"children" : 
			[
				{
					"tileInfo" : 
					{
						"boundingBox" : 
						{
							"max" : 
							{
								"x" : 136.25969147102325,
								"y" : 158.4975914150549,
								"z" : -0.00024891734497483643
							},
							"min" : 
							{
								"x" : -136.25889372237052,
								"y" : -158.49607619752925,
								"z" : -0.0024656211651823984
							}
						},
						"children" : 
						[
							{
								"tileInfo" : 
								{
									"boundingBox" : 
									{
										"max" : 
										{
											"x" : 136.25969147102325,
											"y" : 158.4975914150549,
											"z" : -0.00024891734497483643
										},
										"min" : 
										{
											"x" : -136.25889372237052,
											"y" : -158.49607619752925,
											"z" : -0.0024656211651823984
										}
									},
									"children" : 
									[
										{
											"tileInfo" : 
											{
												"boundingBox" : 
												{
													"max" : 
													{
														"x" : 136.25969147102325,
														"y" : 158.4975914150549,
														"z" : -0.00024891734497483643
													},
													"min" : 
													{
														"x" : -136.25889372237052,
														"y" : -158.49607619752925,
														"z" : -0.0024656211651823984
													}
												},
												"lodNum" : 3,
												"modelPath" : "Tile_-22237_83270_0000_0000_0000.s3mb",
												"rangeMode" : "pixelSizeOnScreen",
												"rangeValue" : 836.06781005859375
											}
										}
									],
									"lodNum" : 2,
									"modelPath" : "Tile_-22237_83270_0000_0001_0000.s3mb",
									"rangeMode" : "pixelSizeOnScreen",
									"rangeValue" : 418.03390502929688
								}
							}
						],
						"lodNum" : 1,
						"modelPath" : "Tile_-22237_83270_0000_0002_0000.s3mb",
						"rangeMode" : "pixelSizeOnScreen",
						"rangeValue" : 209.01695251464844
					}
				}
			],
			"lodNum" : 0,
			"modelPath" : "Tile_-22237_83270_0000.s3mb",
			"rangeMode" : "pixelSizeOnScreen",
			"rangeValue" : 0.0
		}
	}
}