{
	"lodTreeExport" : 
	{
		"name" : "Tile_-11120_41638_0000",
		"status" : 
		{
			"lodCount" : 4,
			"tilesCount" : 4
		},
		"tileInfo" : 
		{
			"boundingBox" : 
			{
				"max" : 
				{
					"x" : 506.49620920266165,
					"y" : 338.20713544861883,
					"z" : 14.971038282708944
				},
				"min" : 
				{
					"x" : 442.53231614525055,
					"y" : 266.84184920601558,
					"z" : -0.020925260604063477
				}
			},
			"children" : 
			[
				{
					"tileInfo" : 
					{
						"boundingBox" : 
						{
							"max" : 
							{
								"x" : 506.49620920266165,
								"y" : 338.20713544861883,
								"z" : 14.971038282708944
							},
							"min" : 
							{
								"x" : 442.53231614525055,
								"y" : 266.84184920601558,
								"z" : -0.020925260604063477
							}
						},
						"children" : 
						[
							{
								"tileInfo" : 
								{
									"boundingBox" : 
									{
										"max" : 
										{
											"x" : 506.49620920266165,
											"y" : 338.20713544861883,
											"z" : 14.971038282708944
										},
										"min" : 
										{
											"x" : 442.53231614525055,
											"y" : 266.84184920601558,
											"z" : -0.020925260604063477
										}
									},
									"children" : 
									[
										{
											"tileInfo" : 
											{
												"boundingBox" : 
												{
													"max" : 
													{
														"x" : 506.49620920266165,
														"y" : 338.20713544861883,
														"z" : 14.971038282708944
													},
													"min" : 
													{
														"x" : 442.53231614525055,
														"y" : 266.84184920601558,
														"z" : -0.020925260604063477
													}
												},
												"lodNum" : 3,
												"modelPath" : "Tile_-11120_41638_0000_0000_0000.s3mb",
												"rangeMode" : "pixelSizeOnScreen",
												"rangeValue" : 194.01692199707031
											}
										}
									],
									"lodNum" : 2,
									"modelPath" : "Tile_-11120_41638_0000_0001_0000.s3mb",
									"rangeMode" : "pixelSizeOnScreen",
									"rangeValue" : 97.008460998535156
								}
							}
						],
						"lodNum" : 1,
						"modelPath" : "Tile_-11120_41638_0000_0002_0000.s3mb",
						"rangeMode" : "pixelSizeOnScreen",
						"rangeValue" : 48.504230499267578
					}
				}
			],
			"lodNum" : 0,
			"modelPath" : "Tile_-11120_41638_0000.s3mb",
			"rangeMode" : "pixelSizeOnScreen",
			"rangeValue" : 0.0
		}
	}
}