{
	"lodTreeExport" : 
	{
		"name" : "Tile_-22240_83273_0000",
		"status" : 
		{
			"lodCount" : 4,
			"tilesCount" : 4
		},
		"tileInfo" : 
		{
			"boundingBox" : 
			{
				"max" : 
				{
					"x" : 220.10273054717553,
					"y" : 49.002159084138967,
					"z" : 0.99998247842601251
				},
				"min" : 
				{
					"x" : -220.10280534182917,
					"y" : -48.99767306766033,
					"z" : -0.0039834509167729105
				}
			},
			"children" : 
			[
				{
					"tileInfo" : 
					{
						"boundingBox" : 
						{
							"max" : 
							{
								"x" : 220.10273054717553,
								"y" : 49.002159084138967,
								"z" : 0.99998247842601251
							},
							"min" : 
							{
								"x" : -220.10280534182917,
								"y" : -48.99767306766033,
								"z" : -0.0039834509167729105
							}
						},
						"children" : 
						[
							{
								"tileInfo" : 
								{
									"boundingBox" : 
									{
										"max" : 
										{
											"x" : 220.10273054717553,
											"y" : 49.002159084138967,
											"z" : 0.99998247842601251
										},
										"min" : 
										{
											"x" : -220.10280534182917,
											"y" : -48.99767306766033,
											"z" : -0.0039834509167729105
										}
									},
									"children" : 
									[
										{
											"tileInfo" : 
											{
												"boundingBox" : 
												{
													"max" : 
													{
														"x" : 220.10273054717553,
														"y" : 49.002159084138967,
														"z" : 0.99998247842601251
													},
													"min" : 
													{
														"x" : -220.10280534182917,
														"y" : -48.99767306766033,
														"z" : -0.0039834509167729105
													}
												},
												"lodNum" : 3,
												"modelPath" : "Tile_-22240_83273_0000_0000_0000.s3mb",
												"rangeMode" : "pixelSizeOnScreen",
												"rangeValue" : 901.9703369140625
											}
										}
									],
									"lodNum" : 2,
									"modelPath" : "Tile_-22240_83273_0000_0001_0000.s3mb",
									"rangeMode" : "pixelSizeOnScreen",
									"rangeValue" : 450.98516845703125
								}
							}
						],
						"lodNum" : 1,
						"modelPath" : "Tile_-22240_83273_0000_0002_0000.s3mb",
						"rangeMode" : "pixelSizeOnScreen",
						"rangeValue" : 225.49258422851563
					}
				}
			],
			"lodNum" : 0,
			"modelPath" : "Tile_-22240_83273_0000.s3mb",
			"rangeMode" : "pixelSizeOnScreen",
			"rangeValue" : 0.0
		}
	}
}