{
	"lodTreeExport" : 
	{
		"name" : "Tile_-11121_41639_0000",
		"status" : 
		{
			"lodCount" : 5,
			"tilesCount" : 19
		},
		"tileInfo" : 
		{
			"boundingBox" : 
			{
				"max" : 
				{
					"x" : 486.5135792304954,
					"y" : 280.76145852390385,
					"z" : 23.984241090450102
				},
				"min" : 
				{
					"x" : 357.82368271988287,
					"y" : 96.410532459065408,
					"z" : -0.018380876827043396
				}
			},
			"children" : 
			[
				{
					"tileInfo" : 
					{
						"boundingBox" : 
						{
							"max" : 
							{
								"x" : 486.5135792304954,
								"y" : 280.76145852390385,
								"z" : 23.981167481303537
							},
							"min" : 
							{
								"x" : 388.48142437109777,
								"y" : 155.7517138149488,
								"z" : -0.018380876827043396
							}
						},
						"children" : 
						[
							{
								"tileInfo" : 
								{
									"boundingBox" : 
									{
										"max" : 
										{
											"x" : 437.22643480021344,
											"y" : 280.76145852390385,
											"z" : 23.978875584207213
										},
										"min" : 
										{
											"x" : 388.76842270030249,
											"y" : 249.59526053406378,
											"z" : -0.016739945365150589
										}
									},
									"children" : 
									[
										{
											"tileInfo" : 
											{
												"boundingBox" : 
												{
													"max" : 
													{
														"x" : 437.22643480021344,
														"y" : 280.76145852390385,
														"z" : 23.983260098410067
													},
													"min" : 
													{
														"x" : 388.76842270030249,
														"y" : 249.59526053406378,
														"z" : -0.016739945365150589
													}
												},
												"children" : 
												[
													{
														"tileInfo" : 
														{
															"boundingBox" : 
															{
																"max" : 
																{
																	"x" : 437.22643480021344,
																	"y" : 280.76145852390385,
																	"z" : 23.978875584207213
																},
																"min" : 
																{
																	"x" : 388.76842270030249,
																	"y" : 249.59526053406378,
																	"z" : -0.016739945365150589
																}
															},
															"lodNum" : 4,
															"modelPath" : "Tile_-11121_41639_0000_-0001_0000.s3mb",
															"rangeMode" : "pixelSizeOnScreen",
															"rangeValue" : 249.67034912109375
														}
													},
													{
														"tileInfo" : 
														{
															"boundingBox" : 
															{
																"max" : 
																{
																	"x" : 437.22643480021344,
																	"y" : 280.76145852390385,
																	"z" : 23.983260098410067
																},
																"min" : 
																{
																	"x" : 388.76997540249215,
																	"y" : 249.59626248034797,
																	"z" : 23.978875584207213
																}
															},
															"lodNum" : 4,
															"modelPath" : "Tile_-11121_41639_0000_-0001_0001.s3mb",
															"rangeMode" : "pixelSizeOnScreen",
															"rangeValue" : 230.46128845214844
														}
													}
												],
												"lodNum" : 3,
												"modelPath" : "Tile_-11121_41639_0000_0000_0000.s3mb",
												"rangeMode" : "pixelSizeOnScreen",
												"rangeValue" : 144.03092956542969
											}
										}
									],
									"lodNum" : 2,
									"modelPath" : "Tile_-11121_41639_0000_0001_0000.s3mb",
									"rangeMode" : "pixelSizeOnScreen",
									"rangeValue" : 72.015716552734375
								}
							},
							{
								"tileInfo" : 
								{
									"boundingBox" : 
									{
										"max" : 
										{
											"x" : 427.93001403786229,
											"y" : 238.79979311789859,
											"z" : 23.981167481303537
										},
										"min" : 
										{
											"x" : 388.48142437109777,
											"y" : 225.83764961361015,
											"z" : -0.015835391684470762
										}
									},
									"children" : 
									[
										{
											"tileInfo" : 
											{
												"boundingBox" : 
												{
													"max" : 
													{
														"x" : 427.93001403786229,
														"y" : 238.79979311789859,
														"z" : 23.984163988126856
													},
													"min" : 
													{
														"x" : 388.48142437109777,
														"y" : 225.83764961361015,
														"z" : -0.015835391684470762
													}
												},
												"children" : 
												[
													{
														"tileInfo" : 
														{
															"boundingBox" : 
															{
																"max" : 
																{
																	"x" : 427.93001403786229,
																	"y" : 238.79979311789859,
																	"z" : 23.981167481303537
																},
																"min" : 
																{
																	"x" : 388.48142437109777,
																	"y" : 225.83764961361015,
																	"z" : -0.015835391684470762
																}
															},
															"lodNum" : 4,
															"modelPath" : "Tile_-11121_41639_0000_-0001_0002.s3mb",
															"rangeMode" : "pixelSizeOnScreen",
															"rangeValue" : 191.85118103027344
														}
													},
													{
														"tileInfo" : 
														{
															"boundingBox" : 
															{
																"max" : 
																{
																	"x" : 427.93001403786229,
																	"y" : 238.79979311789859,
																	"z" : 23.984163988126856
																},
																"min" : 
																{
																	"x" : 388.4829590583908,
																	"y" : 225.83852740349022,
																	"z" : 23.981167481303537
																}
															},
															"lodNum" : 4,
															"modelPath" : "Tile_-11121_41639_0000_-0001_0003.s3mb",
															"rangeMode" : "pixelSizeOnScreen",
															"rangeValue" : 166.09115600585938
														}
													}
												],
												"lodNum" : 3,
												"modelPath" : "Tile_-11121_41639_0000_0000_0001.s3mb",
												"rangeMode" : "pixelSizeOnScreen",
												"rangeValue" : 113.48464965820313
											}
										}
									],
									"lodNum" : 2,
									"modelPath" : "Tile_-11121_41639_0000_0001_0001.s3mb",
									"rangeMode" : "pixelSizeOnScreen",
									"rangeValue" : 56.742565155029297
								}
							},
							{
								"tileInfo" : 
								{
									"boundingBox" : 
									{
										"max" : 
										{
											"x" : 486.5135792304954,
											"y" : 225.05485669431451,
											"z" : 23.978899138943959
										},
										"min" : 
										{
											"x" : 411.0624463518152,
											"y" : 155.7517138149488,
											"z" : -0.018380876827043396
										}
									},
									"children" : 
									[
										{
											"tileInfo" : 
											{
												"boundingBox" : 
												{
													"max" : 
													{
														"x" : 486.5135792304954,
														"y" : 225.05485669431451,
														"z" : 23.984857871532231
													},
													"min" : 
													{
														"x" : 411.0624463518152,
														"y" : 155.7517138149488,
														"z" : -0.018380876827043396
													}
												},
												"children" : 
												[
													{
														"tileInfo" : 
														{
															"boundingBox" : 
															{
																"max" : 
																{
																	"x" : 486.5135792304954,
																	"y" : 225.05485669431451,
																	"z" : 23.978899138943959
																},
																"min" : 
																{
																	"x" : 411.0624463518152,
																	"y" : 155.7517138149488,
																	"z" : -0.018380876827043396
																}
															},
															"lodNum" : 4,
															"modelPath" : "Tile_-11121_41639_0000_-0001_0004.s3mb",