{
	"lodTreeExport" : 
	{
		"name" : "Tile_-11118_41634_0000",
		"status" : 
		{
			"lodCount" : 4,
			"tilesCount" : 4
		},
		"tileInfo" : 
		{
			"boundingBox" : 
			{
				"max" : 
				{
					"x" : -454.52962795415351,
					"y" : -225.32804138467594,
					"z" : 14.979920494920142
				},
				"min" : 
				{
					"x" : -506.52375008703268,
					"y" : -276.54328520461729,
					"z" : -0.026103712554494389
				}
			},
			"children" : 
			[
				{
					"tileInfo" : 
					{
						"boundingBox" : 
						{
							"max" : 
							{
								"x" : -454.52962795415351,
								"y" : -225.32804138467594,
								"z" : 14.979920494920142
							},
							"min" : 
							{
								"x" : -506.52375008703268,
								"y" : -276.54328520461729,
								"z" : -0.026103712554494389
							}
						},
						"children" : 
						[
							{
								"tileInfo" : 
								{
									"boundingBox" : 
									{
										"max" : 
										{
											"x" : -454.52962795415351,
											"y" : -225.32804138467594,
											"z" : 14.979920494920142
										},
										"min" : 
										{
											"x" : -506.52375008703268,
											"y" : -276.54328520461729,
											"z" : -0.026103712554494389
										}
									},
									"children" : 
									[
										{
											"tileInfo" : 
											{
												"boundingBox" : 
												{
													"max" : 
													{
														"x" : -454.52962795415351,
														"y" : -225.32804138467594,
														"z" : 14.979920494920142
													},
													"min" : 
													{
														"x" : -506.52375008703268,
														"y" : -276.54328520461729,
														"z" : -0.026103712554494389
													}
												},
												"lodNum" : 3,
												"modelPath" : "Tile_-11118_41634_0000_0000_0000.s3mb",
												"rangeMode" : "pixelSizeOnScreen",
												"rangeValue" : 149.03005981445313
											}
										}
									],
									"lodNum" : 2,
									"modelPath" : "Tile_-11118_41634_0000_0001_0000.s3mb",
									"rangeMode" : "pixelSizeOnScreen",
									"rangeValue" : 74.515029907226563
								}
							}
						],
						"lodNum" : 1,
						"modelPath" : "Tile_-11118_41634_0000_0002_0000.s3mb",
						"rangeMode" : "pixelSizeOnScreen",
						"rangeValue" : 37.257514953613281
					}
				}
			],
			"lodNum" : 0,
			"modelPath" : "Tile_-11118_41634_0000.s3mb",
			"rangeMode" : "pixelSizeOnScreen",
			"rangeValue" : 0.0
		}
	}
}