{
	"lodTreeExport" : 
	{
		"name" : "Tile_-11119_41634_0000",
		"status" : 
		{
			"lodCount" : 5,
			"tilesCount" : 6
		},
		"tileInfo" : 
		{
			"boundingBox" : 
			{
				"max" : 
				{
					"x" : -340.13210472577487,
					"y" : 33.640882024338502,
					"z" : 14.990922414602009
				},
				"min" : 
				{
					"x" : -455.69192726114898,
					"y" : -84.954794883372728,
					"z" : -0.016760004135492189
				}
			},
			"children" : 
			[
				{
					"tileInfo" : 
					{
						"boundingBox" : 
						{
							"max" : 
							{
								"x" : -340.13210472577487,
								"y" : 33.640882024338502,
								"z" : 14.990922414602009
							},
							"min" : 
							{
								"x" : -455.69192726114898,
								"y" : -84.954794883372728,
								"z" : -0.016760004135492189
							}
						},
						"children" : 
						[
							{
								"tileInfo" : 
								{
									"boundingBox" : 
									{
										"max" : 
										{
											"x" : -340.13210472577487,
											"y" : 33.640882024338502,
											"z" : 14.990922414602009
										},
										"min" : 
										{
											"x" : -455.69192726114898,
											"y" : -84.954794883372728,
											"z" : -0.016760004135492189
										}
									},
									"children" : 
									[
										{
											"tileInfo" : 
											{
												"boundingBox" : 
												{
													"max" : 
													{
														"x" : -340.13210472577487,
														"y" : 33.640882024338502,
														"z" : 14.990922414602009
													},
													"min" : 
													{
														"x" : -455.6928622540712,
														"y" : -84.954855472614383,
														"z" : -0.016760004135492189
													}
												},
												"children" : 
												[
													{
														"tileInfo" : 
														{
															"boundingBox" : 
															{
																"max" : 
																{
																	"x" : -340.13210472577487,
																	"y" : 33.640882024338502,
																	"z" : 14.990922414602009
																},
																"min" : 
																{
																	"x" : -455.69192726114898,
																	"y" : -84.954794883372728,
																	"z" : -0.016760004135492189
																}
															},
															"lodNum" : 4,
															"modelPath" : "Tile_-11119_41634_0000_-0001_0000.s3mb",
															"rangeMode" : "pixelSizeOnScreen",
															"rangeValue" : 665.0921630859375
														}
													},
													{
														"tileInfo" : 
														{
															"boundingBox" : 
															{
																"max" : 
																{
																	"x" : -340.13210472577487,
																	"y" : 33.640882024338502,
																	"z" : 14.990922414602009
																},
																"min" : 
																{
																	"x" : -455.6928622540712,
																	"y" : -84.954855472614383,
																	"z" : 14.9832401402643
																}
															},
															"lodNum" : 4,
															"modelPath" : "Tile_-11119_41634_0000_-0001_0001.s3mb",
															"rangeMode" : "pixelSizeOnScreen",
															"rangeValue" : 662.3746337890625
														}
													}
												],
												"lodNum" : 3,
												"modelPath" : "Tile_-11119_41634_0000_0000_0000.s3mb",
												"rangeMode" : "pixelSizeOnScreen",
												"rangeValue" : 346.860595703125
											}
										}
									],
									"lodNum" : 2,
									"modelPath" : "Tile_-11119_41634_0000_0001_0000.s3mb",
									"rangeMode" : "pixelSizeOnScreen",
									"rangeValue" : 173.43046569824219
								}
							}
						],
						"lodNum" : 1,
						"modelPath" : "Tile_-11119_41634_0000_0002_0000.s3mb",
						"rangeMode" : "pixelSizeOnScreen",
						"rangeValue" : 86.715476989746094
					}
				}
			],
			"lodNum" : 0,
			"modelPath" : "Tile_-11119_41634_0000.s3mb",
			"rangeMode" : "pixelSizeOnScreen",
			"rangeValue" : 0.0
		}
	}
}