{
	"lodTreeExport" : 
	{
		"name" : "Tile_-11121_41636_0000",
		"status" : 
		{
			"lodCount" : 5,
			"tilesCount" : 6
		},
		"tileInfo" : 
		{
			"boundingBox" : 
			{
				"max" : 
				{
					"x" : 137.46857040797337,
					"y" : 418.73731941971715,
					"z" : 14.984741010849977
				},
				"min" : 
				{
					"x" : 95.794495962433018,
					"y" : 372.63955946286484,
					"z" : -0.011627383513755474
				}
			},
			"children" : 
			[
				{
					"tileInfo" : 
					{
						"boundingBox" : 
						{
							"max" : 
							{
								"x" : 137.46857040797337,
								"y" : 418.73731941971715,
								"z" : 14.984741010849977
							},
							"min" : 
							{
								"x" : 95.794495962433018,
								"y" : 372.63955946286484,
								"z" : -0.011627383513755474
							}
						},
						"children" : 
						[
							{
								"tileInfo" : 
								{
									"boundingBox" : 
									{
										"max" : 
										{
											"x" : 137.46857040797337,
											"y" : 418.73731941971715,
											"z" : 14.984741010849977
										},
										"min" : 
										{
											"x" : 95.794495962433018,
											"y" : 372.63955946286484,
											"z" : -0.011627383513755474
										}
									},
									"children" : 
									[
										{
											"tileInfo" : 
											{
												"boundingBox" : 
												{
													"max" : 
													{
														"x" : 137.46857040797337,
														"y" : 418.73731941971715,
														"z" : 14.988373024655333
													},
													"min" : 
													{
														"x" : 95.794495962433018,
														"y" : 372.63955946286484,
														"z" : -0.011627383513755474
													}
												},
												"children" : 
												[
													{
														"tileInfo" : 
														{
															"boundingBox" : 
															{
																"max" : 
																{
																	"x" : 137.46857040797337,
																	"y" : 418.73731941971715,
																	"z" : 14.984741010849977
																},
																"min" : 
																{
																	"x" : 95.794495962433018,
																	"y" : 372.63955946286484,
																	"z" : -0.011627383513755474
																}
															},
															"lodNum" : 4,
															"modelPath" : "Tile_-11121_41636_0000_-0001_0000.s3mb",
															"rangeMode" : "pixelSizeOnScreen",
															"rangeValue" : 255.71614074707031
														}
													},
													{
														"tileInfo" : 
														{
															"boundingBox" : 
															{
																"max" : 
																{
																	"x" : 137.46857040797337,
																	"y" : 418.73731941971715,
																	"z" : 14.988373024655333
																},
																"min" : 
																{
																	"x" : 95.794770017084176,
																	"y" : 372.64049387894107,
																	"z" : 14.984741010849977
																}
															},
															"lodNum" : 4,
															"modelPath" : "Tile_-11121_41636_0000_-0001_0001.s3mb",
															"rangeMode" : "pixelSizeOnScreen",
															"rangeValue" : 248.57052612304688
														}
													}
												],
												"lodNum" : 3,
												"modelPath" : "Tile_-11121_41636_0000_0000_0000.s3mb",
												"rangeMode" : "pixelSizeOnScreen",
												"rangeValue" : 141.07099914550781
											}
										}
									],
									"lodNum" : 2,
									"modelPath" : "Tile_-11121_41636_0000_0001_0000.s3mb",
									"rangeMode" : "pixelSizeOnScreen",
									"rangeValue" : 70.535507202148438
								}
							}
						],
						"lodNum" : 1,
						"modelPath" : "Tile_-11121_41636_0000_0002_0000.s3mb",
						"rangeMode" : "pixelSizeOnScreen",
						"rangeValue" : 35.267837524414063
					}
				}
			],
			"lodNum" : 0,
			"modelPath" : "Tile_-11121_41636_0000.s3mb",
			"rangeMode" : "pixelSizeOnScreen",
			"rangeValue" : 0.0
		}
	}
}