{
	"lodTreeExport" : 
	{
		"name" : "Tile_-11120_41638_0000",
		"status" : 
		{
			"lodCount" : 5,
			"tilesCount" : 6
		},
		"tileInfo" : 
		{
			"boundingBox" : 
			{
				"max" : 
				{
					"x" : 449.53000464392022,
					"y" : 213.64020320541914,
					"z" : 14.980718425279102
				},
				"min" : 
				{
					"x" : 393.33828972961982,
					"y" : 134.63745081736204,
					"z" : -0.013528531953453226
				}
			},
			"children" : 
			[
				{
					"tileInfo" : 
					{
						"boundingBox" : 
						{
							"max" : 
							{
								"x" : 449.53000464392022,
								"y" : 213.64020320541914,
								"z" : 14.980718425279102
							},
							"min" : 
							{
								"x" : 393.33828972961982,
								"y" : 134.63745081736204,
								"z" : -0.013528531953453226
							}
						},
						"children" : 
						[
							{
								"tileInfo" : 
								{
									"boundingBox" : 
									{
										"max" : 
										{
											"x" : 449.53000464392022,
											"y" : 213.64020320541914,
											"z" : 14.980718425279102
										},
										"min" : 
										{
											"x" : 393.33828972961982,
											"y" : 134.63745081736204,
											"z" : -0.013528531953453226
										}
									},
									"children" : 
									[
										{
											"tileInfo" : 
											{
												"boundingBox" : 
												{
													"max" : 
													{
														"x" : 449.53000464392022,
														"y" : 213.64020320541914,
														"z" : 14.986470841490116
													},
													"min" : 
													{
														"x" : 393.33828972961982,
														"y" : 134.63745081736204,
														"z" : -0.013528531953453226
													}
												},
												"children" : 
												[
													{
														"tileInfo" : 
														{
															"boundingBox" : 
															{
																"max" : 
																{
																	"x" : 449.53000464392022,
																	"y" : 213.64020320541914,
																	"z" : 14.980718425279102
																},
																"min" : 
																{
																	"x" : 393.33828972961982,
																	"y" : 134.63745081736204,
																	"z" : -0.013528531953453226
																}
															},
															"lodNum" : 4,
															"modelPath" : "Tile_-11120_41638_0000_-0001_0000.s3mb",
															"rangeMode" : "pixelSizeOnScreen",
															"rangeValue" : 392.42489624023438
														}
													},
													{
														"tileInfo" : 
														{
															"boundingBox" : 
															{
																"max" : 
																{
																	"x" : 449.53000464392022,
																	"y" : 213.64020320541914,
																	"z" : 14.986470841490116
																},
																"min" : 
																{
																	"x" : 393.33927999347856,
																	"y" : 134.63786204511803,
																	"z" : 14.980718425279102
																}
															},
															"lodNum" : 4,
															"modelPath" : "Tile_-11120_41638_0000_-0001_0001.s3mb",
															"rangeMode" : "pixelSizeOnScreen",
															"rangeValue" : 387.80340576171875
														}
													}
												],
												"lodNum" : 3,
												"modelPath" : "Tile_-11120_41638_0000_0000_0000.s3mb",
												"rangeMode" : "pixelSizeOnScreen",
												"rangeValue" : 210.05357360839844
											}
										}
									],
									"lodNum" : 2,
									"modelPath" : "Tile_-11120_41638_0000_0001_0000.s3mb",
									"rangeMode" : "pixelSizeOnScreen",
									"rangeValue" : 105.02688598632813
								}
							}
						],
						"lodNum" : 1,
						"modelPath" : "Tile_-11120_41638_0000_0002_0000.s3mb",
						"rangeMode" : "pixelSizeOnScreen",
						"rangeValue" : 52.513584136962891
					}
				}
			],
			"lodNum" : 0,
			"modelPath" : "Tile_-11120_41638_0000.s3mb",
			"rangeMode" : "pixelSizeOnScreen",
			"rangeValue" : 0.0
		}
	}
}